index,pokedex_number,name,generation,species,ability_hidden,release_date,types,abilities
0,1,Bulbasaur,Gen. 1,Seed Pokémon,Chlorophyll,1996-02-27,"Grass, Poison","Overgrow, "
1,2,Ivysaur,Gen. 1,Seed Pokémon,Chlorophyll,1996-02-27,"Grass, Poison","Overgrow, "
2,3,Venusaur,Gen. 1,Seed Pokémon,Chlorophyll,1996-02-27,"Grass, Poison","Overgrow, "
3,3,Mega Venusaur,Gen. 1,Seed Pokémon,,1996-02-27,"Grass, Poison","Thick Fat, "
4,4,Charmander,Gen. 1,Lizard Pokémon,Solar Power,1996-02-27,"Fire, ","Blaze, "
5,5,Charmeleon,Gen. 1,Flame Pokémon,Solar Power,1996-02-27,"Fire, ","Blaze, "
6,6,Charizard,Gen. 1,Flame Pokémon,Solar Power,1996-02-27,"Fire, Flying","Blaze, "
7,6,Mega Charizard X,Gen. 1,Flame Pokémon,,1996-02-27,"Fire, Dragon","Tough Claws, "
8,6,Mega Charizard Y,Gen. 1,Flame Pokémon,,1996-02-27,"Fire, Flying","Drought, "
9,7,Squirtle,Gen. 1,Tiny Turtle Pokémon,Rain Dish,1996-02-27,"Water, ","Torrent, "
10,8,Wartortle,Gen. 1,Turtle Pokémon,Rain Dish,1996-02-27,"Water, ","Torrent, "
11,9,Blastoise,Gen. 1,Shellfish Pokémon,Rain Dish,1996-02-27,"Water, ","Torrent, "
12,9,Mega Blastoise,Gen. 1,Shellfish Pokémon,,1996-02-27,"Water, ","Mega Launcher, "
13,10,Caterpie,Gen. 1,Worm Pokémon,Run Away,1996-02-27,"Bug, ","Shield Dust, "
14,11,Metapod,Gen. 1,Cocoon Pokémon,,1996-02-27,"Bug, ","Shed Skin, "
15,12,Butterfree,Gen. 1,Butterfly Pokémon,Tinted Lens,1996-02-27,"Bug, Flying","Compound Eyes, "
16,13,Weedle,Gen. 1,Hairy Bug Pokémon,Run Away,1996-02-27,"Bug, Poison","Shield Dust, "
17,14,Kakuna,Gen. 1,Cocoon Pokémon,,1996-02-27,"Bug, Poison","Shed Skin, "
18,15,Beedrill,Gen. 1,Poison Bee Pokémon,Sniper,1996-02-27,"Bug, Poison","Swarm, "
19,15,Mega Beedrill,Gen. 1,Poison Bee Pokémon,,1996-02-27,"Bug, Poison","Adaptability, "
20,16,Pidgey,Gen. 1,Tiny Bird Pokémon,Big Pecks,1996-02-27,"Normal, Flying","Keen Eye, Tangled Feet"
21,17,Pidgeotto,Gen. 1,Bird Pokémon,Big Pecks,1996-02-27,"Normal, Flying","Keen Eye, Tangled Feet"
22,18,Pidgeot,Gen. 1,Bird Pokémon,Big Pecks,1996-02-27,"Normal, Flying","Keen Eye, Tangled Feet"
23,18,Mega Pidgeot,Gen. 1,Bird Pokémon,,1996-02-27,"Normal, Flying","No Guard, "
24,19,Rattata,Gen. 1,Mouse Pokémon,Hustle,1996-02-27,"Normal, ","Run Away, Guts"
25,19,Alolan Rattata,Gen. 1,Mouse Pokémon,Thick Fat,1996-02-27,"Dark, Normal","Gluttony, Hustle"
26,20,Raticate,Gen. 1,Mouse Pokémon,Hustle,1996-02-27,"Normal, ","Run Away, Guts"
27,20,Alolan Raticate,Gen. 1,Mouse Pokémon,Thick Fat,1996-02-27,"Dark, Normal","Gluttony, Hustle"
28,21,Spearow,Gen. 1,Tiny Bird Pokémon,Sniper,1996-02-27,"Normal, Flying","Keen Eye, "
29,22,Fearow,Gen. 1,Beak Pokémon,Sniper,1996-02-27,"Normal, Flying","Keen Eye, "
30,23,Ekans,Gen. 1,Snake Pokémon,Unnerve,1996-02-27,"Poison, ","Intimidate, Shed Skin"
31,24,Arbok,Gen. 1,Cobra Pokémon,Unnerve,1996-02-27,"Poison, ","Intimidate, Shed Skin"
32,25,Pikachu,Gen. 1,Mouse Pokémon,Lightning Rod,1996-02-27,"Electric, ","Static, "
33,25,Partner Pikachu,Gen. 1,Mouse Pokémon,Lightning Rod,1996-02-27,"Electric, ",", "
34,26,Raichu,Gen. 1,Mouse Pokémon,Lightning Rod,1996-02-27,"Electric, ","Static, "
35,26,Alolan Raichu,Gen. 1,Mouse Pokémon,,1996-02-27,"Electric, Psychic","Surge Surfer, "
36,27,Sandshrew,Gen. 1,Mouse Pokémon,Sand Rush,1996-02-27,"Ground, ","Sand Veil, "
37,27,Alolan Sandshrew,Gen. 1,Mouse Pokémon,Slush Rush,1996-02-27,"Ice, Steel","Snow Cloak, "
38,28,Sandslash,Gen. 1,Mouse Pokémon,Sand Rush,1996-02-27,"Ground, ","Sand Veil, "
39,28,Alolan Sandslash,Gen. 1,Mouse Pokémon,Slush Rush,1996-02-27,"Ice, Steel","Snow Cloak, "
40,29,Nidoran♀,Gen. 1,Poison Pin Pokémon,Hustle,1996-02-27,"Poison, ","Poison Point, Rivalry"
41,30,Nidorina,Gen. 1,Poison Pin Pokémon,Hustle,1996-02-27,"Poison, ","Poison Point, Rivalry"
42,31,Nidoqueen,Gen. 1,Drill Pokémon,Sheer Force,1996-02-27,"Poison, Ground","Poison Point, Rivalry"
43,32,Nidoran♂,Gen. 1,Poison Pin Pokémon,Hustle,1996-02-27,"Poison, ","Poison Point, Rivalry"
44,33,Nidorino,Gen. 1,Poison Pin Pokémon,Hustle,1996-02-27,"Poison, ","Poison Point, Rivalry"
45,34,Nidoking,Gen. 1,Drill Pokémon,Sheer Force,1996-02-27,"Poison, Ground","Poison Point, Rivalry"
46,35,Clefairy,Gen. 1,Fairy Pokémon,Friend Guard,1996-02-27,"Fairy, ","Cute Charm, Magic Guard"
47,36,Clefable,Gen. 1,Fairy Pokémon,Unaware,1996-02-27,"Fairy, ","Cute Charm, Magic Guard"
48,37,Vulpix,Gen. 1,Fox Pokémon,Drought,1996-02-27,"Fire, ","Flash Fire, "
49,37,Alolan Vulpix,Gen. 1,Fox Pokémon,Snow Warning,1996-02-27,"Ice, ","Snow Cloak, "
50,38,Ninetales,Gen. 1,Fox Pokémon,Drought,1996-02-27,"Fire, ","Flash Fire, "
51,38,Alolan Ninetales,Gen. 1,Fox Pokémon,Snow Warning,1996-02-27,"Ice, Fairy","Snow Cloak, "
52,39,Jigglypuff,Gen. 1,Balloon Pokémon,Friend Guard,1996-02-27,"Normal, Fairy","Cute Charm, Competitive"
53,40,Wigglytuff,Gen. 1,Balloon Pokémon,Frisk,1996-02-27,"Normal, Fairy","Cute Charm, Competitive"
54,41,Zubat,Gen. 1,Bat Pokémon,Infiltrator,1996-02-27,"Poison, Flying","Inner Focus, "
55,42,Golbat,Gen. 1,Bat Pokémon,Infiltrator,1996-02-27,"Poison, Flying","Inner Focus, "
56,43,Oddish,Gen. 1,Weed Pokémon,Run Away,1996-02-27,"Grass, Poison","Chlorophyll, "
57,44,Gloom,Gen. 1,Weed Pokémon,Stench,1996-02-27,"Grass, Poison","Chlorophyll, "
58,45,Vileplume,Gen. 1,Flower Pokémon,Effect Spore,1996-02-27,"Grass, Poison","Chlorophyll, "
59,46,Paras,Gen. 1,Mushroom Pokémon,Damp,1996-02-27,"Bug, Grass","Effect Spore, Dry Skin"
60,47,Parasect,Gen. 1,Mushroom Pokémon,Damp,1996-02-27,"Bug, Grass","Effect Spore, Dry Skin"
61,48,Venonat,Gen. 1,Insect Pokémon,Run Away,1996-02-27,"Bug, Poison","Compound Eyes, Tinted Lens"
62,49,Venomoth,Gen. 1,Poison Moth Pokémon,Wonder Skin,1996-02-27,"Bug, Poison","Shield Dust, Tinted Lens"
63,50,Diglett,Gen. 1,Mole Pokémon,Sand Force,1996-02-27,"Ground, ","Sand Veil, Arena Trap"
64,50,Alolan Diglett,Gen. 1,Mole Pokémon,Sand Force,1996-02-27,"Ground, Steel","Sand Veil, Tangling Hair"
65,51,Dugtrio,Gen. 1,Mole Pokémon,Sand Force,1996-02-27,"Ground, ","Sand Veil, Arena Trap"
66,51,Alolan Dugtrio,Gen. 1,Mole Pokémon,Sand Force,1996-02-27,"Ground, Steel","Sand Veil, Tangling Hair"
67,52,Meowth,Gen. 1,Scratch Cat Pokémon,Unnerve,1996-02-27,"Normal, ","Pickup, Technician"
68,52,Alolan Meowth,Gen. 1,Scratch Cat Pokémon,Rattled,1996-02-27,"Dark, ","Pickup, Technician"
69,52,Galarian Meowth,Gen. 1,Scratch Cat Pokémon,Unnerve,1996-02-27,"Steel, ","Pickup, Tough Claws"
70,53,Persian,Gen. 1,Classy Cat Pokémon,Unnerve,1996-02-27,"Normal, ","Limber, Technician"
71,53,Alolan Persian,Gen. 1,Classy Cat Pokémon,Rattled,1996-02-27,"Dark, ","Fur Coat, Technician"
72,54,Psyduck,Gen. 1,Duck Pokémon,Swift Swim,1996-02-27,"Water, ","Damp, Cloud Nine"
73,55,Golduck,Gen. 1,Duck Pokémon,Swift Swim,1996-02-27,"Water, ","Damp, Cloud Nine"
74,56,Mankey,Gen. 1,Pig Monkey Pokémon,Defiant,1996-02-27,"Fighting, ","Vital Spirit, Anger Point"
75,57,Primeape,Gen. 1,Pig Monkey Pokémon,Defiant,1996-02-27,"Fighting, ","Vital Spirit, Anger Point"
76,58,Growlithe,Gen. 1,Puppy Pokémon,Justified,1996-02-27,"Fire, ","Intimidate, Flash Fire"
77,59,Arcanine,Gen. 1,Legendary Pokémon,Justified,1996-02-27,"Fire, ","Intimidate, Flash Fire"
78,60,Poliwag,Gen. 1,Tadpole Pokémon,Swift Swim,1996-02-27,"Water, ","Water Absorb, Damp"
79,61,Poliwhirl,Gen. 1,Tadpole Pokémon,Swift Swim,1996-02-27,"Water, ","Water Absorb, Damp"
80,62,Poliwrath,Gen. 1,Tadpole Pokémon,Swift Swim,1996-02-27,"Water, Fighting","Water Absorb, Damp"
81,63,Abra,Gen. 1,Psi Pokémon,Magic Guard,1996-02-27,"Psychic, ","Synchronize, Inner Focus"
82,64,Kadabra,Gen. 1,Psi Pokémon,Magic Guard,1996-02-27,"Psychic, ","Synchronize, Inner Focus"
83,65,Alakazam,Gen. 1,Psi Pokémon,Magic Guard,1996-02-27,"Psychic, ","Synchronize, Inner Focus"
84,65,Mega Alakazam,Gen. 1,Psi Pokémon,,1996-02-27,"Psychic, ","Trace, "
85,66,Machop,Gen. 1,Superpower Pokémon,Steadfast,1996-02-27,"Fighting, ","Guts, No Guard"
86,67,Machoke,Gen. 1,Superpower Pokémon,Steadfast,1996-02-27,"Fighting, ","Guts, No Guard"
87,68,Machamp,Gen. 1,Superpower Pokémon,Steadfast,1996-02-27,"Fighting, ","Guts, No Guard"
88,69,Bellsprout,Gen. 1,Flower Pokémon,Gluttony,1996-02-27,"Grass, Poison","Chlorophyll, "
89,70,Weepinbell,Gen. 1,Flycatcher Pokémon,Gluttony,1996-02-27,"Grass, Poison","Chlorophyll, "
90,71,Victreebel,Gen. 1,Flycatcher Pokémon,Gluttony,1996-02-27,"Grass, Poison","Chlorophyll, "
91,72,Tentacool,Gen. 1,Jellyfish Pokémon,Rain Dish,1996-02-27,"Water, Poison","Clear Body, Liquid Ooze"
92,73,Tentacruel,Gen. 1,Jellyfish Pokémon,Rain Dish,1996-02-27,"Water, Poison","Clear Body, Liquid Ooze"
93,74,Geodude,Gen. 1,Rock Pokémon,Sand Veil,1996-02-27,"Rock, Ground","Rock Head, Sturdy"
94,74,Alolan Geodude,Gen. 1,Rock Pokémon,Galvanize,1996-02-27,"Rock, Electric","Magnet Pull, Sturdy"
95,75,Graveler,Gen. 1,Rock Pokémon,Sand Veil,1996-02-27,"Rock, Ground","Rock Head, Sturdy"
96,75,Alolan Graveler,Gen. 1,Rock Pokémon,Galvanize,1996-02-27,"Rock, Electric","Magnet Pull, Sturdy"
97,76,Golem,Gen. 1,Megaton Pokémon,Sand Veil,1996-02-27,"Rock, Ground","Rock Head, Sturdy"
98,76,Alolan Golem,Gen. 1,Megaton Pokémon,Galvanize,1996-02-27,"Rock, Electric","Magnet Pull, Sturdy"
99,77,Ponyta,Gen. 1,Fire Horse Pokémon,Flame Body,1996-02-27,"Fire, ","Run Away, Flash Fire"
100,77,Galarian Ponyta,Gen. 1,Unique Horn Pokémon,Anticipation,1996-02-27,"Psychic, ","Run Away, Pastel Veil"
101,78,Rapidash,Gen. 1,Fire Horse Pokémon,Flame Body,1996-02-27,"Fire, ","Run Away, Flash Fire"
102,78,Galarian Rapidash,Gen. 1,Unique Horn Pokémon,Anticipation,1996-02-27,"Psychic, Fairy","Run Away, Pastel Veil"
103,79,Slowpoke,Gen. 1,Dopey Pokémon,Regenerator,1996-02-27,"Water, Psychic","Oblivious, Own Tempo"
104,80,Slowbro,Gen. 1,Hermit Crab Pokémon,Regenerator,1996-02-27,"Water, Psychic","Oblivious, Own Tempo"
105,80,Mega Slowbro,Gen. 1,Hermit Crab Pokémon,,1996-02-27,"Water, Psychic","Shell Armor, "
106,81,Magnemite,Gen. 1,Magnet Pokémon,Analytic,1996-02-27,"Electric, Steel","Magnet Pull, Sturdy"
107,82,Magneton,Gen. 1,Magnet Pokémon,Analytic,1996-02-27,"Electric, Steel","Magnet Pull, Sturdy"
108,83,Farfetch'd,Gen. 1,Wild Duck Pokémon,Defiant,1996-02-27,"Normal, Flying","Keen Eye, Inner Focus"
109,83,Galarian Farfetch'd,Gen. 1,Wild Duck Pokémon,Scrappy,1996-02-27,"Fighting, ","Steadfast, "
110,84,Doduo,Gen. 1,Twin Bird Pokémon,Tangled Feet,1996-02-27,"Normal, Flying","Run Away, Early Bird"
111,85,Dodrio,Gen. 1,Triple Bird Pokémon,Tangled Feet,1996-02-27,"Normal, Flying","Run Away, Early Bird"
112,86,Seel,Gen. 1,Sea Lion Pokémon,Ice Body,1996-02-27,"Water, ","Thick Fat, Hydration"
113,87,Dewgong,Gen. 1,Sea Lion Pokémon,Ice Body,1996-02-27,"Water, Ice","Thick Fat, Hydration"
114,88,Grimer,Gen. 1,Sludge Pokémon,Poison Touch,1996-02-27,"Poison, ","Stench, Sticky Hold"
115,88,Alolan Grimer,Gen. 1,Sludge Pokémon,Power of Alchemy,1996-02-27,"Poison, Dark","Poison Touch, Gluttony"
116,89,Muk,Gen. 1,Sludge Pokémon,Poison Touch,1996-02-27,"Poison, ","Stench, Sticky Hold"
117,89,Alolan Muk,Gen. 1,Sludge Pokémon,Power of Alchemy,1996-02-27,"Poison, Dark","Poison Touch, Gluttony"
118,90,Shellder,Gen. 1,Bivalve Pokémon,Overcoat,1996-02-27,"Water, ","Shell Armor, Skill Link"
119,91,Cloyster,Gen. 1,Bivalve Pokémon,Overcoat,1996-02-27,"Water, Ice","Shell Armor, Skill Link"
120,92,Gastly,Gen. 1,Gas Pokémon,,1996-02-27,"Ghost, Poison","Levitate, "
121,93,Haunter,Gen. 1,Gas Pokémon,,1996-02-27,"Ghost, Poison","Levitate, "
122,94,Gengar,Gen. 1,Shadow Pokémon,,1996-02-27,"Ghost, Poison","Cursed Body, "
123,94,Mega Gengar,Gen. 1,Shadow Pokémon,,1996-02-27,"Ghost, Poison","Shadow Tag, "
124,95,Onix,Gen. 1,Rock Snake Pokémon,Weak Armor,1996-02-27,"Rock, Ground","Rock Head, Sturdy"
125,96,Drowzee,Gen. 1,Hypnosis Pokémon,Inner Focus,1996-02-27,"Psychic, ","Insomnia, Forewarn"
126,97,Hypno,Gen. 1,Hypnosis Pokémon,Inner Focus,1996-02-27,"Psychic, ","Insomnia, Forewarn"
127,98,Krabby,Gen. 1,River Crab Pokémon,Sheer Force,1996-02-27,"Water, ","Hyper Cutter, Shell Armor"
128,99,Kingler,Gen. 1,Pincer Pokémon,Sheer Force,1996-02-27,"Water, ","Hyper Cutter, Shell Armor"
129,100,Voltorb,Gen. 1,Ball Pokémon,Aftermath,1996-02-27,"Electric, ","Soundproof, Static"
130,101,Electrode,Gen. 1,Ball Pokémon,Aftermath,1996-02-27,"Electric, ","Soundproof, Static"
131,102,Exeggcute,Gen. 1,Egg Pokémon,Harvest,1996-02-27,"Grass, Psychic","Chlorophyll, "
132,103,Exeggutor,Gen. 1,Coconut Pokémon,Harvest,1996-02-27,"Grass, Psychic","Chlorophyll, "
133,103,Alolan Exeggutor,Gen. 1,Coconut Pokémon,Harvest,1996-02-27,"Grass, Dragon","Frisk, "
134,104,Cubone,Gen. 1,Lonely Pokémon,Battle Armor,1996-02-27,"Ground, ","Rock Head, Lightning Rod"
135,105,Marowak,Gen. 1,Bone Keeper Pokémon,Battle Armor,1996-02-27,"Ground, ","Rock Head, Lightning Rod"
136,105,Alolan Marowak,Gen. 1,Bone Keeper Pokémon,Rock Head,1996-02-27,"Fire, Ghost","Cursed Body, Lightning Rod"
137,106,Hitmonlee,Gen. 1,Kicking Pokémon,Unburden,1996-02-27,"Fighting, ","Limber, Reckless"
138,107,Hitmonchan,Gen. 1,Punching Pokémon,Inner Focus,1996-02-27,"Fighting, ","Keen Eye, Iron Fist"
139,108,Lickitung,Gen. 1,Licking Pokémon,Cloud Nine,1996-02-27,"Normal, ","Own Tempo, Oblivious"
140,109,Koffing,Gen. 1,Poison Gas Pokémon,Stench,1996-02-27,"Poison, ","Levitate, Neutralizing Gas"
141,110,Weezing,Gen. 1,Poison Gas Pokémon,Stench,1996-02-27,"Poison, ","Levitate, Neutralizing Gas"
142,110,Galarian Weezing,Gen. 1,Poison Gas Pokémon,Misty Surge,1996-02-27,"Poison, Fairy","Levitate, Neutralizing Gas"
143,111,Rhyhorn,Gen. 1,Spikes Pokémon,Reckless,1996-02-27,"Ground, Rock","Lightning Rod, Rock Head"
144,112,Rhydon,Gen. 1,Drill Pokémon,Reckless,1996-02-27,"Ground, Rock","Lightning Rod, Rock Head"
145,113,Chansey,Gen. 1,Egg Pokémon,Healer,1996-02-27,"Normal, ","Natural Cure, Serene Grace"
146,114,Tangela,Gen. 1,Vine Pokémon,Regenerator,1996-02-27,"Grass, ","Chlorophyll, Leaf Guard"
147,115,Kangaskhan,Gen. 1,Parent Pokémon,Inner Focus,1996-02-27,"Normal, ","Early Bird, Scrappy"
148,115,Mega Kangaskhan,Gen. 1,Parent Pokémon,,1996-02-27,"Normal, ","Parental Bond, "
149,116,Horsea,Gen. 1,Dragon Pokémon,Damp,1996-02-27,"Water, ","Swift Swim, Sniper"
150,117,Seadra,Gen. 1,Dragon Pokémon,Damp,1996-02-27,"Water, ","Poison Point, Sniper"
151,118,Goldeen,Gen. 1,Goldfish Pokémon,Lightning Rod,1996-02-27,"Water, ","Swift Swim, Water Veil"
152,119,Seaking,Gen. 1,Goldfish Pokémon,Lightning Rod,1996-02-27,"Water, ","Swift Swim, Water Veil"
153,120,Staryu,Gen. 1,Star Shape Pokémon,Analytic,1996-02-27,"Water, ","Illuminate, Natural Cure"
154,121,Starmie,Gen. 1,Mysterious Pokémon,Analytic,1996-02-27,"Water, Psychic","Illuminate, Natural Cure"
155,122,Mr. Mime,Gen. 1,Barrier Pokémon,Technician,1996-02-27,"Psychic, Fairy","Soundproof, Filter"
156,122,Galarian Mr. Mime,Gen. 1,Dancing Pokémon,Ice Body,1996-02-27,"Psychic, Ice","Vital Spirit, Screen Cleaner"
157,123,Scyther,Gen. 1,Mantis Pokémon,Steadfast,1996-02-27,"Bug, Flying","Swarm, Technician"
158,124,Jynx,Gen. 1,Human Shape Pokémon,Dry Skin,1996-02-27,"Ice, Psychic","Oblivious, Forewarn"
159,125,Electabuzz,Gen. 1,Electric Pokémon,Vital Spirit,1996-02-27,"Electric, ","Static, "
160,126,Magmar,Gen. 1,Spitfire Pokémon,Vital Spirit,1996-02-27,"Fire, ","Flame Body, "
161,127,Pinsir,Gen. 1,Stag Beetle Pokémon,Moxie,1996-02-27,"Bug, ","Hyper Cutter, Mold Breaker"
162,127,Mega Pinsir,Gen. 1,Stag Beetle Pokémon,,1996-02-27,"Bug, Flying","Aerilate, "
163,128,Tauros,Gen. 1,Wild Bull Pokémon,Sheer Force,1996-02-27,"Normal, ","Intimidate, Anger Point"
164,129,Magikarp,Gen. 1,Fish Pokémon,Rattled,1996-02-27,"Water, ","Swift Swim, "
165,130,Gyarados,Gen. 1,Atrocious Pokémon,Moxie,1996-02-27,"Water, Flying","Intimidate, "
166,130,Mega Gyarados,Gen. 1,Atrocious Pokémon,,1996-02-27,"Water, Dark","Mold Breaker, "
167,131,Lapras,Gen. 1,Transport Pokémon,Hydration,1996-02-27,"Water, Ice","Water Absorb, Shell Armor"
168,132,Ditto,Gen. 1,Transform Pokémon,Imposter,1996-02-27,"Normal, ","Limber, "
169,133,Eevee,Gen. 1,Evolution Pokémon,Anticipation,1996-02-27,"Normal, ","Run Away, Adaptability"
170,133,Partner Eevee,Gen. 1,Evolution Pokémon,Anticipation,1996-02-27,"Normal, ",", "
171,134,Vaporeon,Gen. 1,Bubble Jet Pokémon,Hydration,1996-02-27,"Water, ","Water Absorb, "
172,135,Jolteon,Gen. 1,Lightning Pokémon,Quick Feet,1996-02-27,"Electric, ","Volt Absorb, "
173,136,Flareon,Gen. 1,Flame Pokémon,Guts,1996-02-27,"Fire, ","Flash Fire, "
174,137,Porygon,Gen. 1,Virtual Pokémon,Analytic,1996-02-27,"Normal, ","Trace, Download"
175,138,Omanyte,Gen. 1,Spiral Pokémon,Weak Armor,1996-02-27,"Rock, Water","Swift Swim, Shell Armor"
176,139,Omastar,Gen. 1,Spiral Pokémon,Weak Armor,1996-02-27,"Rock, Water","Swift Swim, Shell Armor"
177,140,Kabuto,Gen. 1,Shellfish Pokémon,Weak Armor,1996-02-27,"Rock, Water","Swift Swim, Battle Armor"
178,141,Kabutops,Gen. 1,Shellfish Pokémon,Weak Armor,1996-02-27,"Rock, Water","Swift Swim, Battle Armor"
179,142,Aerodactyl,Gen. 1,Fossil Pokémon,Unnerve,1996-02-27,"Rock, Flying","Rock Head, Pressure"
180,142,Mega Aerodactyl,Gen. 1,Fossil Pokémon,,1996-02-27,"Rock, Flying","Tough Claws, "
181,143,Snorlax,Gen. 1,Sleeping Pokémon,Gluttony,1996-02-27,"Normal, ","Immunity, Thick Fat"
182,144,Articuno,Gen. 1,Freeze Pokémon,Snow Cloak,1996-02-27,"Ice, Flying","Pressure, "
183,145,Zapdos,Gen. 1,Electric Pokémon,Static,1996-02-27,"Electric, Flying","Pressure, "
184,146,Moltres,Gen. 1,Flame Pokémon,Flame Body,1996-02-27,"Fire, Flying","Pressure, "
185,147,Dratini,Gen. 1,Dragon Pokémon,Marvel Scale,1996-02-27,"Dragon, ","Shed Skin, "
186,148,Dragonair,Gen. 1,Dragon Pokémon,Marvel Scale,1996-02-27,"Dragon, ","Shed Skin, "
187,149,Dragonite,Gen. 1,Dragon Pokémon,Multiscale,1996-02-27,"Dragon, Flying","Inner Focus, "
188,150,Mewtwo,Gen. 1,Genetic Pokémon,Unnerve,1996-02-27,"Psychic, ","Pressure, "
189,150,Mega Mewtwo X,Gen. 1,Genetic Pokémon,,1996-02-27,"Psychic, Fighting","Steadfast, "
190,150,Mega Mewtwo Y,Gen. 1,Genetic Pokémon,,1996-02-27,"Psychic, ","Insomnia, "
191,151,Mew,Gen. 1,New Species Pokémon,,1996-02-27,"Psychic, ","Synchronize, "
192,152,Chikorita,Gen. 2,Leaf Pokémon,Leaf Guard,1999-11-21,"Grass, ","Overgrow, "
193,153,Bayleef,Gen. 2,Leaf Pokémon,Leaf Guard,1999-11-21,"Grass, ","Overgrow, "
194,154,Meganium,Gen. 2,Herb Pokémon,Leaf Guard,1999-11-21,"Grass, ","Overgrow, "
195,155,Cyndaquil,Gen. 2,Fire Mouse Pokémon,Flash Fire,1999-11-21,"Fire, ","Blaze, "
196,156,Quilava,Gen. 2,Volcano Pokémon,Flash Fire,1999-11-21,"Fire, ","Blaze, "
197,157,Typhlosion,Gen. 2,Volcano Pokémon,Flash Fire,1999-11-21,"Fire, ","Blaze, "
198,158,Totodile,Gen. 2,Big Jaw Pokémon,Sheer Force,1999-11-21,"Water, ","Torrent, "
199,159,Croconaw,Gen. 2,Big Jaw Pokémon,Sheer Force,1999-11-21,"Water, ","Torrent, "
200,160,Feraligatr,Gen. 2,Big Jaw Pokémon,Sheer Force,1999-11-21,"Water, ","Torrent, "
201,161,Sentret,Gen. 2,Scout Pokémon,Frisk,1999-11-21,"Normal, ","Run Away, Keen Eye"
202,162,Furret,Gen. 2,Long Body Pokémon,Frisk,1999-11-21,"Normal, ","Run Away, Keen Eye"
203,163,Hoothoot,Gen. 2,Owl Pokémon,Tinted Lens,1999-11-21,"Normal, Flying","Insomnia, Keen Eye"
204,164,Noctowl,Gen. 2,Owl Pokémon,Tinted Lens,1999-11-21,"Normal, Flying","Insomnia, Keen Eye"
205,165,Ledyba,Gen. 2,Five Star Pokémon,Rattled,1999-11-21,"Bug, Flying","Swarm, Early Bird"
206,166,Ledian,Gen. 2,Five Star Pokémon,Iron Fist,1999-11-21,"Bug, Flying","Swarm, Early Bird"
207,167,Spinarak,Gen. 2,String Spit Pokémon,Sniper,1999-11-21,"Bug, Poison","Swarm, Insomnia"
208,168,Ariados,Gen. 2,Long Leg Pokémon,Sniper,1999-11-21,"Bug, Poison","Swarm, Insomnia"
209,169,Crobat,Gen. 2,Bat Pokémon,Infiltrator,1999-11-21,"Poison, Flying","Inner Focus, "
210,170,Chinchou,Gen. 2,Angler Pokémon,Water Absorb,1999-11-21,"Water, Electric","Volt Absorb, Illuminate"
211,171,Lanturn,Gen. 2,Light Pokémon,Water Absorb,1999-11-21,"Water, Electric","Volt Absorb, Illuminate"
212,172,Pichu,Gen. 2,Tiny Mouse Pokémon,Lightning Rod,1999-11-21,"Electric, ","Static, "
213,173,Cleffa,Gen. 2,Star Shape Pokémon,Friend Guard,1999-11-21,"Fairy, ","Cute Charm, Magic Guard"
214,174,Igglybuff,Gen. 2,Balloon Pokémon,Friend Guard,1999-11-21,"Normal, Fairy","Cute Charm, Competitive"
215,175,Togepi,Gen. 2,Spike Ball Pokémon,Super Luck,1999-11-21,"Fairy, ","Hustle, Serene Grace"
216,176,Togetic,Gen. 2,Happiness Pokémon,Super Luck,1999-11-21,"Fairy, Flying","Hustle, Serene Grace"
217,177,Natu,Gen. 2,Tiny Bird Pokémon,Magic Bounce,1999-11-21,"Psychic, Flying","Synchronize, Early Bird"
218,178,Xatu,Gen. 2,Mystic Pokémon,Magic Bounce,1999-11-21,"Psychic, Flying","Synchronize, Early Bird"
219,179,Mareep,Gen. 2,Wool Pokémon,Plus,1999-11-21,"Electric, ","Static, "
220,180,Flaaffy,Gen. 2,Wool Pokémon,Plus,1999-11-21,"Electric, ","Static, "
221,181,Ampharos,Gen. 2,Light Pokémon,Plus,1999-11-21,"Electric, ","Static, "
222,181,Mega Ampharos,Gen. 2,Light Pokémon,,1999-11-21,"Electric, Dragon","Mold Breaker, "
223,182,Bellossom,Gen. 2,Flower Pokémon,Healer,1999-11-21,"Grass, ","Chlorophyll, "
224,183,Marill,Gen. 2,Aqua Mouse Pokémon,Sap Sipper,1999-11-21,"Water, Fairy","Thick Fat, Huge Power"
225,184,Azumarill,Gen. 2,Aqua Rabbit Pokémon,Sap Sipper,1999-11-21,"Water, Fairy","Thick Fat, Huge Power"
226,185,Sudowoodo,Gen. 2,Imitation Pokémon,Rattled,1999-11-21,"Rock, ","Sturdy, Rock Head"
227,186,Politoed,Gen. 2,Frog Pokémon,Drizzle,1999-11-21,"Water, ","Water Absorb, Damp"
228,187,Hoppip,Gen. 2,Cottonweed Pokémon,Infiltrator,1999-11-21,"Grass, Flying","Chlorophyll, Leaf Guard"
229,188,Skiploom,Gen. 2,Cottonweed Pokémon,Infiltrator,1999-11-21,"Grass, Flying","Chlorophyll, Leaf Guard"
230,189,Jumpluff,Gen. 2,Cottonweed Pokémon,Infiltrator,1999-11-21,"Grass, Flying","Chlorophyll, Leaf Guard"
231,190,Aipom,Gen. 2,Long Tail Pokémon,Skill Link,1999-11-21,"Normal, ","Run Away, Pickup"
232,191,Sunkern,Gen. 2,Seed Pokémon,Early Bird,1999-11-21,"Grass, ","Chlorophyll, Solar Power"
233,192,Sunflora,Gen. 2,Sun Pokémon,Early Bird,1999-11-21,"Grass, ","Chlorophyll, Solar Power"
234,193,Yanma,Gen. 2,Clear Wing Pokémon,Frisk,1999-11-21,"Bug, Flying","Speed Boost, Compound Eyes"
235,194,Wooper,Gen. 2,Water Fish Pokémon,Unaware,1999-11-21,"Water, Ground","Damp, Water Absorb"
236,195,Quagsire,Gen. 2,Water Fish Pokémon,Unaware,1999-11-21,"Water, Ground","Damp, Water Absorb"
237,196,Espeon,Gen. 2,Sun Pokémon,Magic Bounce,1999-11-21,"Psychic, ","Synchronize, "
238,197,Umbreon,Gen. 2,Moonlight Pokémon,Inner Focus,1999-11-21,"Dark, ","Synchronize, "
239,198,Murkrow,Gen. 2,Darkness Pokémon,Prankster,1999-11-21,"Dark, Flying","Insomnia, Super Luck"
240,199,Slowking,Gen. 2,Royal Pokémon,Regenerator,1999-11-21,"Water, Psychic","Oblivious, Own Tempo"
241,200,Misdreavus,Gen. 2,Screech Pokémon,,1999-11-21,"Ghost, ","Levitate, "
242,201,Unown,Gen. 2,Symbol Pokémon,,1999-11-21,"Psychic, ","Levitate, "
243,202,Wobbuffet,Gen. 2,Patient Pokémon,Telepathy,1999-11-21,"Psychic, ","Shadow Tag, "
244,203,Girafarig,Gen. 2,Long Neck Pokémon,Sap Sipper,1999-11-21,"Normal, Psychic","Inner Focus, Early Bird"
245,204,Pineco,Gen. 2,Bagworm Pokémon,Overcoat,1999-11-21,"Bug, ","Sturdy, "
246,205,Forretress,Gen. 2,Bagworm Pokémon,Overcoat,1999-11-21,"Bug, Steel","Sturdy, "
247,206,Dunsparce,Gen. 2,Land Snake Pokémon,Rattled,1999-11-21,"Normal, ","Serene Grace, Run Away"
248,207,Gligar,Gen. 2,FlyScorpion Pokémon,Immunity,1999-11-21,"Ground, Flying","Hyper Cutter, Sand Veil"
249,208,Steelix,Gen. 2,Iron Snake Pokémon,Sheer Force,1999-11-21,"Steel, Ground","Rock Head, Sturdy"
250,208,Mega Steelix,Gen. 2,Iron Snake Pokémon,,1999-11-21,"Steel, Ground","Sand Force, "
251,209,Snubbull,Gen. 2,Fairy Pokémon,Rattled,1999-11-21,"Fairy, ","Intimidate, Run Away"
252,210,Granbull,Gen. 2,Fairy Pokémon,Rattled,1999-11-21,"Fairy, ","Intimidate, Quick Feet"
253,211,Qwilfish,Gen. 2,Balloon Pokémon,Intimidate,1999-11-21,"Water, Poison","Poison Point, Swift Swim"
254,212,Scizor,Gen. 2,Pincer Pokémon,Light Metal,1999-11-21,"Bug, Steel","Swarm, Technician"
255,212,Mega Scizor,Gen. 2,Pincer Pokémon,,1999-11-21,"Bug, Steel","Technician, "
256,213,Shuckle,Gen. 2,Mold Pokémon,Contrary,1999-11-21,"Bug, Rock","Sturdy, Gluttony"
257,214,Heracross,Gen. 2,Single Horn Pokémon,Moxie,1999-11-21,"Bug, Fighting","Swarm, Guts"
258,214,Mega Heracross,Gen. 2,Single Horn Pokémon,,1999-11-21,"Bug, Fighting","Skill Link, "
259,215,Sneasel,Gen. 2,Sharp Claw Pokémon,Pickpocket,1999-11-21,"Dark, Ice","Inner Focus, Keen Eye"
260,216,Teddiursa,Gen. 2,Little Bear Pokémon,Honey Gather,1999-11-21,"Normal, ","Pickup, Quick Feet"
261,217,Ursaring,Gen. 2,Hibernator Pokémon,Unnerve,1999-11-21,"Normal, ","Guts, Quick Feet"
262,218,Slugma,Gen. 2,Lava Pokémon,Weak Armor,1999-11-21,"Fire, ","Magma Armor, Flame Body"
263,219,Magcargo,Gen. 2,Lava Pokémon,Weak Armor,1999-11-21,"Fire, Rock","Magma Armor, Flame Body"
264,220,Swinub,Gen. 2,Pig Pokémon,Thick Fat,1999-11-21,"Ice, Ground","Oblivious, Snow Cloak"
265,221,Piloswine,Gen. 2,Swine Pokémon,Thick Fat,1999-11-21,"Ice, Ground","Oblivious, Snow Cloak"
266,222,Corsola,Gen. 2,Coral Pokémon,Regenerator,1999-11-21,"Water, Rock","Hustle, Natural Cure"
267,222,Galarian Corsola,Gen. 2,Coral Pokémon,Cursed Body,1999-11-21,"Ghost, ","Weak Armor, "
268,223,Remoraid,Gen. 2,Jet Pokémon,Moody,1999-11-21,"Water, ","Hustle, Sniper"
269,224,Octillery,Gen. 2,Jet Pokémon,Moody,1999-11-21,"Water, ","Suction Cups, Sniper"
270,225,Delibird,Gen. 2,Delivery Pokémon,Insomnia,1999-11-21,"Ice, Flying","Vital Spirit, Hustle"
271,226,Mantine,Gen. 2,Kite Pokémon,Water Veil,1999-11-21,"Water, Flying","Swift Swim, Water Absorb"
272,227,Skarmory,Gen. 2,Armor Bird Pokémon,Weak Armor,1999-11-21,"Steel, Flying","Keen Eye, Sturdy"
273,228,Houndour,Gen. 2,Dark Pokémon,Unnerve,1999-11-21,"Dark, Fire","Early Bird, Flash Fire"
274,229,Houndoom,Gen. 2,Dark Pokémon,Unnerve,1999-11-21,"Dark, Fire","Early Bird, Flash Fire"
275,229,Mega Houndoom,Gen. 2,Dark Pokémon,,1999-11-21,"Dark, Fire","Solar Power, "
276,230,Kingdra,Gen. 2,Dragon Pokémon,Damp,1999-11-21,"Water, Dragon","Swift Swim, Sniper"
277,231,Phanpy,Gen. 2,Long Nose Pokémon,Sand Veil,1999-11-21,"Ground, ","Pickup, "
278,232,Donphan,Gen. 2,Armor Pokémon,Sand Veil,1999-11-21,"Ground, ","Sturdy, "
279,233,Porygon2,Gen. 2,Virtual Pokémon,Analytic,1999-11-21,"Normal, ","Trace, Download"
280,234,Stantler,Gen. 2,Big Horn Pokémon,Sap Sipper,1999-11-21,"Normal, ","Intimidate, Frisk"
281,235,Smeargle,Gen. 2,Painter Pokémon,Moody,1999-11-21,"Normal, ","Own Tempo, Technician"
282,236,Tyrogue,Gen. 2,Scuffle Pokémon,Vital Spirit,1999-11-21,"Fighting, ","Guts, Steadfast"
283,237,Hitmontop,Gen. 2,Handstand Pokémon,Steadfast,1999-11-21,"Fighting, ","Intimidate, Technician"
284,238,Smoochum,Gen. 2,Kiss Pokémon,Hydration,1999-11-21,"Ice, Psychic","Oblivious, Forewarn"
285,239,Elekid,Gen. 2,Electric Pokémon,Vital Spirit,1999-11-21,"Electric, ","Static, "
286,240,Magby,Gen. 2,Live Coal Pokémon,Vital Spirit,1999-11-21,"Fire, ","Flame Body, "
287,241,Miltank,Gen. 2,Milk Cow Pokémon,Sap Sipper,1999-11-21,"Normal, ","Thick Fat, Scrappy"
288,242,Blissey,Gen. 2,Happiness Pokémon,Healer,1999-11-21,"Normal, ","Natural Cure, Serene Grace"
289,243,Raikou,Gen. 2,Thunder Pokémon,Inner Focus,1999-11-21,"Electric, ","Pressure, "
290,244,Entei,Gen. 2,Volcano Pokémon,Inner Focus,1999-11-21,"Fire, ","Pressure, "
291,245,Suicune,Gen. 2,Aurora Pokémon,Inner Focus,1999-11-21,"Water, ","Pressure, "
292,246,Larvitar,Gen. 2,Rock Skin Pokémon,Sand Veil,1999-11-21,"Rock, Ground","Guts, "
293,247,Pupitar,Gen. 2,Hard Shell Pokémon,,1999-11-21,"Rock, Ground","Shed Skin, "
294,248,Tyranitar,Gen. 2,Armor Pokémon,Unnerve,1999-11-21,"Rock, Dark","Sand Stream, "
295,248,Mega Tyranitar,Gen. 2,Armor Pokémon,,1999-11-21,"Rock, Dark","Sand Stream, "
296,249,Lugia,Gen. 2,Diving Pokémon,Multiscale,1999-11-21,"Psychic, Flying","Pressure, "
297,250,Ho-oh,Gen. 2,Rainbow Pokémon,Regenerator,1999-11-21,"Fire, Flying","Pressure, "
298,251,Celebi,Gen. 2,Time Travel Pokémon,,1999-11-21,"Psychic, Grass","Natural Cure, "
299,252,Treecko,Gen. 3,Wood Gecko Pokémon,Unburden,2002-11-21,"Grass, ","Overgrow, "
300,253,Grovyle,Gen. 3,Wood Gecko Pokémon,Unburden,2002-11-21,"Grass, ","Overgrow, "
301,254,Sceptile,Gen. 3,Forest Pokémon,Unburden,2002-11-21,"Grass, ","Overgrow, "
302,254,Mega Sceptile,Gen. 3,Forest Pokémon,,2002-11-21,"Grass, Dragon","Lightning Rod, "
303,255,Torchic,Gen. 3,Chick Pokémon,Speed Boost,2002-11-21,"Fire, ","Blaze, "
304,256,Combusken,Gen. 3,Young Fowl Pokémon,Speed Boost,2002-11-21,"Fire, Fighting","Blaze, "
305,257,Blaziken,Gen. 3,Blaze Pokémon,Speed Boost,2002-11-21,"Fire, Fighting","Blaze, "
306,257,Mega Blaziken,Gen. 3,Blaze Pokémon,,2002-11-21,"Fire, Fighting","Speed Boost, "
307,258,Mudkip,Gen. 3,Mud Fish Pokémon,Damp,2002-11-21,"Water, ","Torrent, "
308,259,Marshtomp,Gen. 3,Mud Fish Pokémon,Damp,2002-11-21,"Water, Ground","Torrent, "
309,260,Swampert,Gen. 3,Mud Fish Pokémon,Damp,2002-11-21,"Water, Ground","Torrent, "
310,260,Mega Swampert,Gen. 3,Mud Fish Pokémon,,2002-11-21,"Water, Ground","Swift Swim, "
311,261,Poochyena,Gen. 3,Bite Pokémon,Rattled,2002-11-21,"Dark, ","Run Away, Quick Feet"
312,262,Mightyena,Gen. 3,Bite Pokémon,Moxie,2002-11-21,"Dark, ","Intimidate, Quick Feet"
313,263,Zigzagoon,Gen. 3,TinyRaccoon Pokémon,Quick Feet,2002-11-21,"Normal, ","Pickup, Gluttony"
314,263,Galarian Zigzagoon,Gen. 3,Tiny Raccoon Pokémon,Quick Feet,2002-11-21,"Dark, Normal","Pickup, Gluttony"
315,264,Linoone,Gen. 3,Rushing Pokémon,Quick Feet,2002-11-21,"Normal, ","Pickup, Gluttony"
316,264,Galarian Linoone,Gen. 3,Rushing Pokémon,Quick Feet,2002-11-21,"Dark, Normal","Pickup, Gluttony"
317,265,Wurmple,Gen. 3,Worm Pokémon,Run Away,2002-11-21,"Bug, ","Shield Dust, "
318,266,Silcoon,Gen. 3,Cocoon Pokémon,,2002-11-21,"Bug, ","Shed Skin, "
319,267,Beautifly,Gen. 3,Butterfly Pokémon,Rivalry,2002-11-21,"Bug, Flying","Swarm, "
320,268,Cascoon,Gen. 3,Cocoon Pokémon,,2002-11-21,"Bug, ","Shed Skin, "
321,269,Dustox,Gen. 3,Poison Moth Pokémon,Compound Eyes,2002-11-21,"Bug, Poison","Shield Dust, "
322,270,Lotad,Gen. 3,Water Weed Pokémon,Own Tempo,2002-11-21,"Water, Grass","Swift Swim, Rain Dish"
323,271,Lombre,Gen. 3,Jolly Pokémon,Own Tempo,2002-11-21,"Water, Grass","Swift Swim, Rain Dish"
324,272,Ludicolo,Gen. 3,Carefree Pokémon,Own Tempo,2002-11-21,"Water, Grass","Swift Swim, Rain Dish"
325,273,Seedot,Gen. 3,Acorn Pokémon,Pickpocket,2002-11-21,"Grass, ","Chlorophyll, Early Bird"
326,274,Nuzleaf,Gen. 3,Wily Pokémon,Pickpocket,2002-11-21,"Grass, Dark","Chlorophyll, Early Bird"
327,275,Shiftry,Gen. 3,Wicked Pokémon,Pickpocket,2002-11-21,"Grass, Dark","Chlorophyll, Early Bird"
328,276,Taillow,Gen. 3,TinySwallow Pokémon,Scrappy,2002-11-21,"Normal, Flying","Guts, "
329,277,Swellow,Gen. 3,Swallow Pokémon,Scrappy,2002-11-21,"Normal, Flying","Guts, "
330,278,Wingull,Gen. 3,Seagull Pokémon,Rain Dish,2002-11-21,"Water, Flying","Keen Eye, Hydration"
331,279,Pelipper,Gen. 3,Water Bird Pokémon,Rain Dish,2002-11-21,"Water, Flying","Keen Eye, Drizzle"
332,280,Ralts,Gen. 3,Feeling Pokémon,Telepathy,2002-11-21,"Psychic, Fairy","Synchronize, Trace"
333,281,Kirlia,Gen. 3,Emotion Pokémon,Telepathy,2002-11-21,"Psychic, Fairy","Synchronize, Trace"
334,282,Gardevoir,Gen. 3,Embrace Pokémon,Telepathy,2002-11-21,"Psychic, Fairy","Synchronize, Trace"
335,282,Mega Gardevoir,Gen. 3,Embrace Pokémon,,2002-11-21,"Psychic, Fairy","Pixilate, "
336,283,Surskit,Gen. 3,Pond Skater Pokémon,Rain Dish,2002-11-21,"Bug, Water","Swift Swim, "
337,284,Masquerain,Gen. 3,Eyeball Pokémon,Unnerve,2002-11-21,"Bug, Flying","Intimidate, "
338,285,Shroomish,Gen. 3,Mushroom Pokémon,Quick Feet,2002-11-21,"Grass, ","Effect Spore, Poison Heal"
339,286,Breloom,Gen. 3,Mushroom Pokémon,Technician,2002-11-21,"Grass, Fighting","Effect Spore, Poison Heal"
340,287,Slakoth,Gen. 3,Slacker Pokémon,,2002-11-21,"Normal, ","Truant, "
341,288,Vigoroth,Gen. 3,Wild Monkey Pokémon,,2002-11-21,"Normal, ","Vital Spirit, "
342,289,Slaking,Gen. 3,Lazy Pokémon,,2002-11-21,"Normal, ","Truant, "
343,290,Nincada,Gen. 3,Trainee Pokémon,Run Away,2002-11-21,"Bug, Ground","Compound Eyes, "
344,291,Ninjask,Gen. 3,Ninja Pokémon,Infiltrator,2002-11-21,"Bug, Flying","Speed Boost, "
345,292,Shedinja,Gen. 3,Shed Pokémon,,2002-11-21,"Bug, Ghost","Wonder Guard, "
346,293,Whismur,Gen. 3,Whisper Pokémon,Rattled,2002-11-21,"Normal, ","Soundproof, "
347,294,Loudred,Gen. 3,Big Voice Pokémon,Scrappy,2002-11-21,"Normal, ","Soundproof, "
348,295,Exploud,Gen. 3,Loud Noise Pokémon,Scrappy,2002-11-21,"Normal, ","Soundproof, "
349,296,Makuhita,Gen. 3,Guts Pokémon,Sheer Force,2002-11-21,"Fighting, ","Thick Fat, Guts"
350,297,Hariyama,Gen. 3,Arm Thrust Pokémon,Sheer Force,2002-11-21,"Fighting, ","Thick Fat, Guts"
351,298,Azurill,Gen. 3,Polka Dot Pokémon,Sap Sipper,2002-11-21,"Normal, Fairy","Thick Fat, Huge Power"
352,299,Nosepass,Gen. 3,Compass Pokémon,Sand Force,2002-11-21,"Rock, ","Sturdy, Magnet Pull"
353,300,Skitty,Gen. 3,Kitten Pokémon,Wonder Skin,2002-11-21,"Normal, ","Cute Charm, Normalize"
354,301,Delcatty,Gen. 3,Prim Pokémon,Wonder Skin,2002-11-21,"Normal, ","Cute Charm, Normalize"
355,302,Sableye,Gen. 3,Darkness Pokémon,Prankster,2002-11-21,"Dark, Ghost","Keen Eye, Stall"
356,302,Mega Sableye,Gen. 3,Darkness Pokémon,,2002-11-21,"Dark, Ghost","Magic Bounce, "
357,303,Mawile,Gen. 3,Deceiver Pokémon,Sheer Force,2002-11-21,"Steel, Fairy","Hyper Cutter, Intimidate"
358,303,Mega Mawile,Gen. 3,Deceiver Pokémon,,2002-11-21,"Steel, Fairy","Huge Power, "
359,304,Aron,Gen. 3,Iron Armor Pokémon,Heavy Metal,2002-11-21,"Steel, Rock","Sturdy, Rock Head"
360,305,Lairon,Gen. 3,Iron Armor Pokémon,Heavy Metal,2002-11-21,"Steel, Rock","Sturdy, Rock Head"
361,306,Aggron,Gen. 3,Iron Armor Pokémon,Heavy Metal,2002-11-21,"Steel, Rock","Sturdy, Rock Head"
362,306,Mega Aggron,Gen. 3,Iron Armor Pokémon,,2002-11-21,"Steel, ","Filter, "
363,307,Meditite,Gen. 3,Meditate Pokémon,Telepathy,2002-11-21,"Fighting, Psychic","Pure Power, "
364,308,Medicham,Gen. 3,Meditate Pokémon,Telepathy,2002-11-21,"Fighting, Psychic","Pure Power, "
365,308,Mega Medicham,Gen. 3,Meditate Pokémon,,2002-11-21,"Fighting, Psychic","Pure Power, "
366,309,Electrike,Gen. 3,Lightning Pokémon,Minus,2002-11-21,"Electric, ","Static, Lightning Rod"
367,310,Manectric,Gen. 3,Discharge Pokémon,Minus,2002-11-21,"Electric, ","Static, Lightning Rod"
368,310,Mega Manectric,Gen. 3,Discharge Pokémon,,2002-11-21,"Electric, ","Intimidate, "
369,311,Plusle,Gen. 3,Cheering Pokémon,Lightning Rod,2002-11-21,"Electric, ","Plus, "
370,312,Minun,Gen. 3,Cheering Pokémon,Volt Absorb,2002-11-21,"Electric, ","Minus, "
371,313,Volbeat,Gen. 3,Firefly Pokémon,Prankster,2002-11-21,"Bug, ","Illuminate, Swarm"
372,314,Illumise,Gen. 3,Firefly Pokémon,Prankster,2002-11-21,"Bug, ","Oblivious, Tinted Lens"
373,315,Roselia,Gen. 3,Thorn Pokémon,Leaf Guard,2002-11-21,"Grass, Poison","Natural Cure, Poison Point"
374,316,Gulpin,Gen. 3,Stomach Pokémon,Gluttony,2002-11-21,"Poison, ","Liquid Ooze, Sticky Hold"
375,317,Swalot,Gen. 3,Poison Bag Pokémon,Gluttony,2002-11-21,"Poison, ","Liquid Ooze, Sticky Hold"
376,318,Carvanha,Gen. 3,Savage Pokémon,Speed Boost,2002-11-21,"Water, Dark","Rough Skin, "
377,319,Sharpedo,Gen. 3,Brutal Pokémon,Speed Boost,2002-11-21,"Water, Dark","Rough Skin, "
378,319,Mega Sharpedo,Gen. 3,Brutal Pokémon,,2002-11-21,"Water, Dark","Strong Jaw, "
379,320,Wailmer,Gen. 3,Ball Whale Pokémon,Pressure,2002-11-21,"Water, ","Water Veil, Oblivious"
380,321,Wailord,Gen. 3,Float Whale Pokémon,Pressure,2002-11-21,"Water, ","Water Veil, Oblivious"
381,322,Numel,Gen. 3,Numb Pokémon,Own Tempo,2002-11-21,"Fire, Ground","Oblivious, Simple"
382,323,Camerupt,Gen. 3,Eruption Pokémon,Anger Point,2002-11-21,"Fire, Ground","Magma Armor, Solid Rock"
383,323,Mega Camerupt,Gen. 3,Eruption Pokémon,,2002-11-21,"Fire, Ground","Sheer Force, "
384,324,Torkoal,Gen. 3,Coal Pokémon,Shell Armor,2002-11-21,"Fire, ","White Smoke, Drought"
385,325,Spoink,Gen. 3,Bounce Pokémon,Gluttony,2002-11-21,"Psychic, ","Thick Fat, Own Tempo"
386,326,Grumpig,Gen. 3,Manipulate Pokémon,Gluttony,2002-11-21,"Psychic, ","Thick Fat, Own Tempo"
387,327,Spinda,Gen. 3,Spot Panda Pokémon,Contrary,2002-11-21,"Normal, ","Own Tempo, Tangled Feet"
388,328,Trapinch,Gen. 3,Ant Pit Pokémon,Sheer Force,2002-11-21,"Ground, ","Hyper Cutter, Arena Trap"
389,329,Vibrava,Gen. 3,Vibration Pokémon,,2002-11-21,"Ground, Dragon","Levitate, "
390,330,Flygon,Gen. 3,Mystic Pokémon,,2002-11-21,"Ground, Dragon","Levitate, "
391,331,Cacnea,Gen. 3,Cactus Pokémon,Water Absorb,2002-11-21,"Grass, ","Sand Veil, "
392,332,Cacturne,Gen. 3,Scarecrow Pokémon,Water Absorb,2002-11-21,"Grass, Dark","Sand Veil, "
393,333,Swablu,Gen. 3,Cotton Bird Pokémon,Cloud Nine,2002-11-21,"Normal, Flying","Natural Cure, "
394,334,Altaria,Gen. 3,Humming Pokémon,Cloud Nine,2002-11-21,"Dragon, Flying","Natural Cure, "
395,334,Mega Altaria,Gen. 3,Humming Pokémon,,2002-11-21,"Dragon, Fairy","Pixilate, "
396,335,Zangoose,Gen. 3,Cat Ferret Pokémon,Toxic Boost,2002-11-21,"Normal, ","Immunity, "
397,336,Seviper,Gen. 3,Fang Snake Pokémon,Infiltrator,2002-11-21,"Poison, ","Shed Skin, "
398,337,Lunatone,Gen. 3,Meteorite Pokémon,,2002-11-21,"Rock, Psychic","Levitate, "
399,338,Solrock,Gen. 3,Meteorite Pokémon,,2002-11-21,"Rock, Psychic","Levitate, "
400,339,Barboach,Gen. 3,Whiskers Pokémon,Hydration,2002-11-21,"Water, Ground","Oblivious, Anticipation"
401,340,Whiscash,Gen. 3,Whiskers Pokémon,Hydration,2002-11-21,"Water, Ground","Oblivious, Anticipation"
402,341,Corphish,Gen. 3,Ruffian Pokémon,Adaptability,2002-11-21,"Water, ","Hyper Cutter, Shell Armor"
403,342,Crawdaunt,Gen. 3,Rogue Pokémon,Adaptability,2002-11-21,"Water, Dark","Hyper Cutter, Shell Armor"
404,343,Baltoy,Gen. 3,Clay Doll Pokémon,,2002-11-21,"Ground, Psychic","Levitate, "
405,344,Claydol,Gen. 3,Clay Doll Pokémon,,2002-11-21,"Ground, Psychic","Levitate, "
406,345,Lileep,Gen. 3,Sea Lily Pokémon,Storm Drain,2002-11-21,"Rock, Grass","Suction Cups, "
407,346,Cradily,Gen. 3,Barnacle Pokémon,Storm Drain,2002-11-21,"Rock, Grass","Suction Cups, "
408,347,Anorith,Gen. 3,Old Shrimp Pokémon,Swift Swim,2002-11-21,"Rock, Bug","Battle Armor, "
409,348,Armaldo,Gen. 3,Plate Pokémon,Swift Swim,2002-11-21,"Rock, Bug","Battle Armor, "
410,349,Feebas,Gen. 3,Fish Pokémon,Adaptability,2002-11-21,"Water, ","Swift Swim, Oblivious"
411,350,Milotic,Gen. 3,Tender Pokémon,Cute Charm,2002-11-21,"Water, ","Marvel Scale, Competitive"
412,351,Castform,Gen. 3,Weather Pokémon,,2002-11-21,"Normal, ","Forecast, "
413,351,Castform Sunny Form,Gen. 3,Weather Pokémon,,2002-11-21,"Fire, ","Forecast, "
414,351,Castform Rainy Form,Gen. 3,Weather Pokémon,,2002-11-21,"Water, ","Forecast, "
415,351,Castform Snowy Form,Gen. 3,Weather Pokémon,,2002-11-21,"Ice, ","Forecast, "
416,352,Kecleon,Gen. 3,Color Swap Pokémon,Protean,2002-11-21,"Normal, ","Color Change, "
417,353,Shuppet,Gen. 3,Puppet Pokémon,Cursed Body,2002-11-21,"Ghost, ","Insomnia, Frisk"
418,354,Banette,Gen. 3,Marionette Pokémon,Cursed Body,2002-11-21,"Ghost, ","Insomnia, Frisk"
419,354,Mega Banette,Gen. 3,Marionette Pokémon,,2002-11-21,"Ghost, ","Prankster, "
420,355,Duskull,Gen. 3,Requiem Pokémon,Frisk,2002-11-21,"Ghost, ","Levitate, "
421,356,Dusclops,Gen. 3,Beckon Pokémon,Frisk,2002-11-21,"Ghost, ","Pressure, "
422,357,Tropius,Gen. 3,Fruit Pokémon,Harvest,2002-11-21,"Grass, Flying","Chlorophyll, Solar Power"
423,358,Chimecho,Gen. 3,Wind Chime Pokémon,,2002-11-21,"Psychic, ","Levitate, "
424,359,Absol,Gen. 3,Disaster Pokémon,Justified,2002-11-21,"Dark, ","Pressure, Super Luck"
425,359,Mega Absol,Gen. 3,Disaster Pokémon,,2002-11-21,"Dark, ","Magic Bounce, "
426,360,Wynaut,Gen. 3,Bright Pokémon,Telepathy,2002-11-21,"Psychic, ","Shadow Tag, "
427,361,Snorunt,Gen. 3,Snow Hat Pokémon,Moody,2002-11-21,"Ice, ","Inner Focus, Ice Body"
428,362,Glalie,Gen. 3,Face Pokémon,Moody,2002-11-21,"Ice, ","Inner Focus, Ice Body"
429,362,Mega Glalie,Gen. 3,Face Pokémon,,2002-11-21,"Ice, ","Refrigerate, "
430,363,Spheal,Gen. 3,Clap Pokémon,Oblivious,2002-11-21,"Ice, Water","Thick Fat, Ice Body"
431,364,Sealeo,Gen. 3,Ball Roll Pokémon,Oblivious,2002-11-21,"Ice, Water","Thick Fat, Ice Body"
432,365,Walrein,Gen. 3,Ice Break Pokémon,Oblivious,2002-11-21,"Ice, Water","Thick Fat, Ice Body"
433,366,Clamperl,Gen. 3,Bivalve Pokémon,Rattled,2002-11-21,"Water, ","Shell Armor, "
434,367,Huntail,Gen. 3,Deep Sea Pokémon,Water Veil,2002-11-21,"Water, ","Swift Swim, "
435,368,Gorebyss,Gen. 3,South Sea Pokémon,Hydration,2002-11-21,"Water, ","Swift Swim, "
436,369,Relicanth,Gen. 3,Longevity Pokémon,Sturdy,2002-11-21,"Water, Rock","Swift Swim, Rock Head"
437,370,Luvdisc,Gen. 3,Rendezvous Pokémon,Hydration,2002-11-21,"Water, ","Swift Swim, "
438,371,Bagon,Gen. 3,Rock Head Pokémon,Sheer Force,2002-11-21,"Dragon, ","Rock Head, "
439,372,Shelgon,Gen. 3,Endurance Pokémon,Overcoat,2002-11-21,"Dragon, ","Rock Head, "
440,373,Salamence,Gen. 3,Dragon Pokémon,Moxie,2002-11-21,"Dragon, Flying","Intimidate, "
441,373,Mega Salamence,Gen. 3,Dragon Pokémon,,2002-11-21,"Dragon, Flying","Aerilate, "
442,374,Beldum,Gen. 3,Iron Ball Pokémon,Light Metal,2002-11-21,"Steel, Psychic","Clear Body, "
443,375,Metang,Gen. 3,Iron Claw Pokémon,Light Metal,2002-11-21,"Steel, Psychic","Clear Body, "
444,376,Metagross,Gen. 3,Iron Leg Pokémon,Light Metal,2002-11-21,"Steel, Psychic","Clear Body, "
445,376,Mega Metagross,Gen. 3,Iron Leg Pokémon,,2002-11-21,"Steel, Psychic","Tough Claws, "
446,377,Regirock,Gen. 3,Rock Peak Pokémon,Sturdy,2002-11-21,"Rock, ","Clear Body, "
447,378,Regice,Gen. 3,Iceberg Pokémon,Ice Body,2002-11-21,"Ice, ","Clear Body, "
448,379,Registeel,Gen. 3,Iron Pokémon,Light Metal,2002-11-21,"Steel, ","Clear Body, "
449,380,Latias,Gen. 3,Eon Pokémon,,2002-11-21,"Dragon, Psychic","Levitate, "
450,380,Mega Latias,Gen. 3,Eon Pokémon,,2002-11-21,"Dragon, Psychic","Levitate, "
451,381,Latios,Gen. 3,Eon Pokémon,,2002-11-21,"Dragon, Psychic","Levitate, "
452,381,Mega Latios,Gen. 3,Eon Pokémon,,2002-11-21,"Dragon, Psychic","Levitate, "
453,382,Kyogre,Gen. 3,Sea Basin Pokémon,,2002-11-21,"Water, ","Drizzle, "
454,382,Primal Kyogre,Gen. 3,Sea Basin Pokémon,,2002-11-21,"Water, ","Primordial Sea, "
455,383,Groudon,Gen. 3,Continent Pokémon,,2002-11-21,"Ground, ","Drought, "
456,383,Primal Groudon,Gen. 3,Continent Pokémon,,2002-11-21,"Ground, Fire","Desolate Land, "
457,384,Rayquaza,Gen. 3,Sky High Pokémon,,2002-11-21,"Dragon, Flying","Air Lock, "
458,384,Mega Rayquaza,Gen. 3,Sky High Pokémon,,2002-11-21,"Dragon, Flying","Delta Stream, "
459,385,Jirachi,Gen. 3,Wish Pokémon,,2002-11-21,"Steel, Psychic","Serene Grace, "
460,386,Deoxys Normal Forme,Gen. 3,DNA Pokémon,,2002-11-21,"Psychic, ","Pressure, "
461,386,Deoxys Attack Forme,Gen. 3,DNA Pokémon,,2002-11-21,"Psychic, ","Pressure, "
462,386,Deoxys Defense Forme,Gen. 3,DNA Pokémon,,2002-11-21,"Psychic, ","Pressure, "
463,386,Deoxys Speed Forme,Gen. 3,DNA Pokémon,,2002-11-21,"Psychic, ","Pressure, "
464,387,Turtwig,Gen. 4,Tiny Leaf Pokémon,Shell Armor,2006-09-28,"Grass, ","Overgrow, "
465,388,Grotle,Gen. 4,Grove Pokémon,Shell Armor,2006-09-28,"Grass, ","Overgrow, "
466,389,Torterra,Gen. 4,Continent Pokémon,Shell Armor,2006-09-28,"Grass, Ground","Overgrow, "
467,390,Chimchar,Gen. 4,Chimp Pokémon,Iron Fist,2006-09-28,"Fire, ","Blaze, "
468,391,Monferno,Gen. 4,Playful Pokémon,Iron Fist,2006-09-28,"Fire, Fighting","Blaze, "
469,392,Infernape,Gen. 4,Flame Pokémon,Iron Fist,2006-09-28,"Fire, Fighting","Blaze, "
470,393,Piplup,Gen. 4,Penguin Pokémon,Defiant,2006-09-28,"Water, ","Torrent, "
471,394,Prinplup,Gen. 4,Penguin Pokémon,Defiant,2006-09-28,"Water, ","Torrent, "
472,395,Empoleon,Gen. 4,Emperor Pokémon,Defiant,2006-09-28,"Water, Steel","Torrent, "
473,396,Starly,Gen. 4,Starling Pokémon,Reckless,2006-09-28,"Normal, Flying","Keen Eye, "
474,397,Staravia,Gen. 4,Starling Pokémon,Reckless,2006-09-28,"Normal, Flying","Intimidate, "
475,398,Staraptor,Gen. 4,Predator Pokémon,Reckless,2006-09-28,"Normal, Flying","Intimidate, "
476,399,Bidoof,Gen. 4,Plump Mouse Pokémon,Moody,2006-09-28,"Normal, ","Simple, Unaware"
477,400,Bibarel,Gen. 4,Beaver Pokémon,Moody,2006-09-28,"Normal, Water","Simple, Unaware"
478,401,Kricketot,Gen. 4,Cricket Pokémon,Run Away,2006-09-28,"Bug, ","Shed Skin, "
479,402,Kricketune,Gen. 4,Cricket Pokémon,Technician,2006-09-28,"Bug, ","Swarm, "
480,403,Shinx,Gen. 4,Flash Pokémon,Guts,2006-09-28,"Electric, ","Rivalry, Intimidate"
481,404,Luxio,Gen. 4,Spark Pokémon,Guts,2006-09-28,"Electric, ","Rivalry, Intimidate"
482,405,Luxray,Gen. 4,Gleam Eyes Pokémon,Guts,2006-09-28,"Electric, ","Rivalry, Intimidate"
483,406,Budew,Gen. 4,Bud Pokémon,Leaf Guard,2006-09-28,"Grass, Poison","Natural Cure, Poison Point"
484,407,Roserade,Gen. 4,Bouquet Pokémon,Technician,2006-09-28,"Grass, Poison","Natural Cure, Poison Point"
485,408,Cranidos,Gen. 4,Head Butt Pokémon,Sheer Force,2006-09-28,"Rock, ","Mold Breaker, "
486,409,Rampardos,Gen. 4,Head Butt Pokémon,Sheer Force,2006-09-28,"Rock, ","Mold Breaker, "
487,410,Shieldon,Gen. 4,Shield Pokémon,Soundproof,2006-09-28,"Rock, Steel","Sturdy, "
488,411,Bastiodon,Gen. 4,Shield Pokémon,Soundproof,2006-09-28,"Rock, Steel","Sturdy, "
489,412,Burmy,Gen. 4,Bagworm Pokémon,Overcoat,2006-09-28,"Bug, ","Shed Skin, "
490,413,Wormadam Plant Cloak,Gen. 4,Bagworm Pokémon,Overcoat,2006-09-28,"Bug, Grass","Anticipation, "
491,413,Wormadam Sandy Cloak,Gen. 4,Bagworm Pokémon,Overcoat,2006-09-28,"Bug, Ground","Anticipation, "
492,413,Wormadam Trash Cloak,Gen. 4,Bagworm Pokémon,Overcoat,2006-09-28,"Bug, Steel","Anticipation, "
493,414,Mothim,Gen. 4,Moth Pokémon,Tinted Lens,2006-09-28,"Bug, Flying","Swarm, "
494,415,Combee,Gen. 4,Tiny Bee Pokémon,Hustle,2006-09-28,"Bug, Flying","Honey Gather, "
495,416,Vespiquen,Gen. 4,Beehive Pokémon,Unnerve,2006-09-28,"Bug, Flying","Pressure, "
496,417,Pachirisu,Gen. 4,EleSquirrel Pokémon,Volt Absorb,2006-09-28,"Electric, ","Run Away, Pickup"
497,418,Buizel,Gen. 4,Sea Weasel Pokémon,Water Veil,2006-09-28,"Water, ","Swift Swim, "
498,419,Floatzel,Gen. 4,Sea Weasel Pokémon,Water Veil,2006-09-28,"Water, ","Swift Swim, "
499,420,Cherubi,Gen. 4,Cherry Pokémon,,2006-09-28,"Grass, ","Chlorophyll, "
500,421,Cherrim,Gen. 4,Blossom Pokémon,,2006-09-28,"Grass, ","Flower Gift, "
501,422,Shellos,Gen. 4,Sea Slug Pokémon,Sand Force,2006-09-28,"Water, ","Sticky Hold, Storm Drain"
502,423,Gastrodon,Gen. 4,Sea Slug Pokémon,Sand Force,2006-09-28,"Water, Ground","Sticky Hold, Storm Drain"
503,424,Ambipom,Gen. 4,Long Tail Pokémon,Skill Link,2006-09-28,"Normal, ","Technician, Pickup"
504,425,Drifloon,Gen. 4,Balloon Pokémon,Flare Boost,2006-09-28,"Ghost, Flying","Aftermath, Unburden"
505,426,Drifblim,Gen. 4,Blimp Pokémon,Flare Boost,2006-09-28,"Ghost, Flying","Aftermath, Unburden"
506,427,Buneary,Gen. 4,Rabbit Pokémon,Limber,2006-09-28,"Normal, ","Run Away, Klutz"
507,428,Lopunny,Gen. 4,Rabbit Pokémon,Limber,2006-09-28,"Normal, ","Cute Charm, Klutz"
508,428,Mega Lopunny,Gen. 4,Rabbit Pokémon,,2006-09-28,"Normal, Fighting","Scrappy, "
509,429,Mismagius,Gen. 4,Magical Pokémon,,2006-09-28,"Ghost, ","Levitate, "
510,430,Honchkrow,Gen. 4,Big Boss Pokémon,Moxie,2006-09-28,"Dark, Flying","Insomnia, Super Luck"
511,431,Glameow,Gen. 4,Catty Pokémon,Keen Eye,2006-09-28,"Normal, ","Limber, Own Tempo"
512,432,Purugly,Gen. 4,Tiger Cat Pokémon,Defiant,2006-09-28,"Normal, ","Thick Fat, Own Tempo"
513,433,Chingling,Gen. 4,Bell Pokémon,,2006-09-28,"Psychic, ","Levitate, "
514,434,Stunky,Gen. 4,Skunk Pokémon,Keen Eye,2006-09-28,"Poison, Dark","Stench, Aftermath"
515,435,Skuntank,Gen. 4,Skunk Pokémon,Keen Eye,2006-09-28,"Poison, Dark","Stench, Aftermath"
516,436,Bronzor,Gen. 4,Bronze Pokémon,Heavy Metal,2006-09-28,"Steel, Psychic","Levitate, Heatproof"
517,437,Bronzong,Gen. 4,Bronze Bell Pokémon,Heavy Metal,2006-09-28,"Steel, Psychic","Levitate, Heatproof"
518,438,Bonsly,Gen. 4,Bonsai Pokémon,Rattled,2006-09-28,"Rock, ","Sturdy, Rock Head"
519,439,Mime Jr.,Gen. 4,Mime Pokémon,Technician,2006-09-28,"Psychic, Fairy","Soundproof, Filter"
520,440,Happiny,Gen. 4,Playhouse Pokémon,Friend Guard,2006-09-28,"Normal, ","Natural Cure, Serene Grace"
521,441,Chatot,Gen. 4,Music Note Pokémon,Big Pecks,2006-09-28,"Normal, Flying","Keen Eye, Tangled Feet"
522,442,Spiritomb,Gen. 4,Forbidden Pokémon,Infiltrator,2006-09-28,"Ghost, Dark","Pressure, "
523,443,Gible,Gen. 4,Land Shark Pokémon,Rough Skin,2006-09-28,"Dragon, Ground","Sand Veil, "
524,444,Gabite,Gen. 4,Cave Pokémon,Rough Skin,2006-09-28,"Dragon, Ground","Sand Veil, "
525,445,Garchomp,Gen. 4,Mach Pokémon,Rough Skin,2006-09-28,"Dragon, Ground","Sand Veil, "
526,445,Mega Garchomp,Gen. 4,Mach Pokémon,,2006-09-28,"Dragon, Ground","Sand Force, "
527,446,Munchlax,Gen. 4,Big Eater Pokémon,Gluttony,2006-09-28,"Normal, ","Pickup, Thick Fat"
528,447,Riolu,Gen. 4,Emanation Pokémon,Prankster,2006-09-28,"Fighting, ","Steadfast, Inner Focus"
529,448,Lucario,Gen. 4,Aura Pokémon,Justified,2006-09-28,"Fighting, Steel","Steadfast, Inner Focus"
530,448,Mega Lucario,Gen. 4,Aura Pokémon,,2006-09-28,"Fighting, Steel","Adaptability, "
531,449,Hippopotas,Gen. 4,Hippo Pokémon,Sand Force,2006-09-28,"Ground, ","Sand Stream, "
532,450,Hippowdon,Gen. 4,Heavyweight Pokémon,Sand Force,2006-09-28,"Ground, ","Sand Stream, "
533,451,Skorupi,Gen. 4,Scorpion Pokémon,Keen Eye,2006-09-28,"Poison, Bug","Battle Armor, Sniper"
534,452,Drapion,Gen. 4,Ogre Scorp Pokémon,Keen Eye,2006-09-28,"Poison, Dark","Battle Armor, Sniper"
535,453,Croagunk,Gen. 4,Toxic Mouth Pokémon,Poison Touch,2006-09-28,"Poison, Fighting","Anticipation, Dry Skin"
536,454,Toxicroak,Gen. 4,Toxic Mouth Pokémon,Poison Touch,2006-09-28,"Poison, Fighting","Anticipation, Dry Skin"
537,455,Carnivine,Gen. 4,Bug Catcher Pokémon,,2006-09-28,"Grass, ","Levitate, "
538,456,Finneon,Gen. 4,Wing Fish Pokémon,Water Veil,2006-09-28,"Water, ","Swift Swim, Storm Drain"
539,457,Lumineon,Gen. 4,Neon Pokémon,Water Veil,2006-09-28,"Water, ","Swift Swim, Storm Drain"
540,458,Mantyke,Gen. 4,Kite Pokémon,Water Veil,2006-09-28,"Water, Flying","Swift Swim, Water Absorb"
541,459,Snover,Gen. 4,Frost Tree Pokémon,Soundproof,2006-09-28,"Grass, Ice","Snow Warning, "
542,460,Abomasnow,Gen. 4,Frost Tree Pokémon,Soundproof,2006-09-28,"Grass, Ice","Snow Warning, "
543,460,Mega Abomasnow,Gen. 4,Frost Tree Pokémon,,2006-09-28,"Grass, Ice","Snow Warning, "
544,461,Weavile,Gen. 4,Sharp Claw Pokémon,Pickpocket,2006-09-28,"Dark, Ice","Pressure, "
545,462,Magnezone,Gen. 4,Magnet Area Pokémon,Analytic,2006-09-28,"Electric, Steel","Magnet Pull, Sturdy"
546,463,Lickilicky,Gen. 4,Licking Pokémon,Cloud Nine,2006-09-28,"Normal, ","Own Tempo, Oblivious"
547,464,Rhyperior,Gen. 4,Drill Pokémon,Reckless,2006-09-28,"Ground, Rock","Lightning Rod, Solid Rock"
548,465,Tangrowth,Gen. 4,Vine Pokémon,Regenerator,2006-09-28,"Grass, ","Chlorophyll, Leaf Guard"
549,466,Electivire,Gen. 4,Thunderbolt Pokémon,Vital Spirit,2006-09-28,"Electric, ","Motor Drive, "
550,467,Magmortar,Gen. 4,Blast Pokémon,Vital Spirit,2006-09-28,"Fire, ","Flame Body, "
551,468,Togekiss,Gen. 4,Jubilee Pokémon,Super Luck,2006-09-28,"Fairy, Flying","Hustle, Serene Grace"
552,469,Yanmega,Gen. 4,Ogre Darner Pokémon,Frisk,2006-09-28,"Bug, Flying","Speed Boost, Tinted Lens"
553,470,Leafeon,Gen. 4,Verdant Pokémon,Chlorophyll,2006-09-28,"Grass, ","Leaf Guard, "
554,471,Glaceon,Gen. 4,Fresh Snow Pokémon,Ice Body,2006-09-28,"Ice, ","Snow Cloak, "
555,472,Gliscor,Gen. 4,Fang Scorp Pokémon,Poison Heal,2006-09-28,"Ground, Flying","Hyper Cutter, Sand Veil"
556,473,Mamoswine,Gen. 4,Twin Tusk Pokémon,Thick Fat,2006-09-28,"Ice, Ground","Oblivious, Snow Cloak"
557,474,Porygon-Z,Gen. 4,Virtual Pokémon,Analytic,2006-09-28,"Normal, ","Adaptability, Download"
558,475,Gallade,Gen. 4,Blade Pokémon,Justified,2006-09-28,"Psychic, Fighting","Steadfast, "
559,475,Mega Gallade,Gen. 4,Blade Pokémon,,2006-09-28,"Psychic, Fighting","Inner Focus, "
560,476,Probopass,Gen. 4,Compass Pokémon,Sand Force,2006-09-28,"Rock, Steel","Sturdy, Magnet Pull"
561,477,Dusknoir,Gen. 4,Gripper Pokémon,Frisk,2006-09-28,"Ghost, ","Pressure, "
562,478,Froslass,Gen. 4,Snow Land Pokémon,Cursed Body,2006-09-28,"Ice, Ghost","Snow Cloak, "
563,479,Rotom,Gen. 4,Plasma Pokémon,,2006-09-28,"Electric, Ghost","Levitate, "
564,479,Heat Rotom,Gen. 4,Plasma Pokémon,,2006-09-28,"Electric, Fire","Levitate, "
565,479,Wash Rotom,Gen. 4,Plasma Pokémon,,2006-09-28,"Electric, Water","Levitate, "
566,479,Frost Rotom,Gen. 4,Plasma Pokémon,,2006-09-28,"Electric, Ice","Levitate, "
567,479,Fan Rotom,Gen. 4,Plasma Pokémon,,2006-09-28,"Electric, Flying","Levitate, "
568,479,Mow Rotom,Gen. 4,Plasma Pokémon,,2006-09-28,"Electric, Grass","Levitate, "
569,480,Uxie,Gen. 4,Knowledge Pokémon,,2006-09-28,"Psychic, ","Levitate, "
570,481,Mesprit,Gen. 4,Emotion Pokémon,,2006-09-28,"Psychic, ","Levitate, "
571,482,Azelf,Gen. 4,Willpower Pokémon,,2006-09-28,"Psychic, ","Levitate, "
572,483,Dialga,Gen. 4,Temporal Pokémon,Telepathy,2006-09-28,"Steel, Dragon","Pressure, "
573,484,Palkia,Gen. 4,Spatial Pokémon,Telepathy,2006-09-28,"Water, Dragon","Pressure, "
574,485,Heatran,Gen. 4,Lava Dome Pokémon,Flame Body,2006-09-28,"Fire, Steel","Flash Fire, "
575,486,Regigigas,Gen. 4,Colossal Pokémon,,2006-09-28,"Normal, ","Slow Start, "
576,487,Giratina Altered Forme,Gen. 4,Renegade Pokémon,Telepathy,2006-09-28,"Ghost, Dragon","Pressure, "
577,487,Giratina Origin Forme,Gen. 4,Renegade Pokémon,,2006-09-28,"Ghost, Dragon","Levitate, "
578,488,Cresselia,Gen. 4,Lunar Pokémon,,2006-09-28,"Psychic, ","Levitate, "
579,489,Phione,Gen. 4,Sea Drifter Pokémon,,2006-09-28,"Water, ","Hydration, "
580,490,Manaphy,Gen. 4,Seafaring Pokémon,,2006-09-28,"Water, ","Hydration, "
581,491,Darkrai,Gen. 4,Pitch-Black Pokémon,,2006-09-28,"Dark, ","Bad Dreams, "
582,492,Shaymin Land Forme,Gen. 4,Gratitude Pokémon,,2006-09-28,"Grass, ","Natural Cure, "
583,492,Shaymin Sky Forme,Gen. 4,Gratitude Pokémon,,2006-09-28,"Grass, Flying","Serene Grace, "
584,493,Arceus,Gen. 4,Alpha Pokémon,,2006-09-28,"Normal, ","Multitype, "
585,494,Victini,Gen. 5,Victory Pokémon,,2010-09-18,"Psychic, Fire","Victory Star, "
586,495,Snivy,Gen. 5,Grass Snake Pokémon,Contrary,2010-09-18,"Grass, ","Overgrow, "
587,496,Servine,Gen. 5,Grass Snake Pokémon,Contrary,2010-09-18,"Grass, ","Overgrow, "
588,497,Serperior,Gen. 5,Regal Pokémon,Contrary,2010-09-18,"Grass, ","Overgrow, "
589,498,Tepig,Gen. 5,Fire Pig Pokémon,Thick Fat,2010-09-18,"Fire, ","Blaze, "
590,499,Pignite,Gen. 5,Fire Pig Pokémon,Thick Fat,2010-09-18,"Fire, Fighting","Blaze, "
591,500,Emboar,Gen. 5,Mega Fire Pig Pokémon,Reckless,2010-09-18,"Fire, Fighting","Blaze, "
592,501,Oshawott,Gen. 5,Sea Otter Pokémon,Shell Armor,2010-09-18,"Water, ","Torrent, "
593,502,Dewott,Gen. 5,Discipline Pokémon,Shell Armor,2010-09-18,"Water, ","Torrent, "
594,503,Samurott,Gen. 5,Formidable Pokémon,Shell Armor,2010-09-18,"Water, ","Torrent, "
595,504,Patrat,Gen. 5,Scout Pokémon,Analytic,2010-09-18,"Normal, ","Run Away, Keen Eye"
596,505,Watchog,Gen. 5,Lookout Pokémon,Analytic,2010-09-18,"Normal, ","Illuminate, Keen Eye"
597,506,Lillipup,Gen. 5,Puppy Pokémon,Run Away,2010-09-18,"Normal, ","Vital Spirit, Pickup"
598,507,Herdier,Gen. 5,Loyal Dog Pokémon,Scrappy,2010-09-18,"Normal, ","Intimidate, Sand Rush"
599,508,Stoutland,Gen. 5,Big-Hearted Pokémon,Scrappy,2010-09-18,"Normal, ","Intimidate, Sand Rush"
600,509,Purrloin,Gen. 5,Devious Pokémon,Prankster,2010-09-18,"Dark, ","Limber, Unburden"
601,510,Liepard,Gen. 5,Cruel Pokémon,Prankster,2010-09-18,"Dark, ","Limber, Unburden"
602,511,Pansage,Gen. 5,Grass Monkey Pokémon,Overgrow,2010-09-18,"Grass, ","Gluttony, "
603,512,Simisage,Gen. 5,Thorn Monkey Pokémon,Overgrow,2010-09-18,"Grass, ","Gluttony, "
604,513,Pansear,Gen. 5,High Temp Pokémon,Blaze,2010-09-18,"Fire, ","Gluttony, "
605,514,Simisear,Gen. 5,Ember Pokémon,Blaze,2010-09-18,"Fire, ","Gluttony, "
606,515,Panpour,Gen. 5,Spray Pokémon,Torrent,2010-09-18,"Water, ","Gluttony, "
607,516,Simipour,Gen. 5,Geyser Pokémon,Torrent,2010-09-18,"Water, ","Gluttony, "
608,517,Munna,Gen. 5,Dream Eater Pokémon,Telepathy,2010-09-18,"Psychic, ","Forewarn, Synchronize"
609,518,Musharna,Gen. 5,Drowsing Pokémon,Telepathy,2010-09-18,"Psychic, ","Forewarn, Synchronize"
610,519,Pidove,Gen. 5,Tiny Pigeon Pokémon,Rivalry,2010-09-18,"Normal, Flying","Big Pecks, Super Luck"
611,520,Tranquill,Gen. 5,Wild Pigeon Pokémon,Rivalry,2010-09-18,"Normal, Flying","Big Pecks, Super Luck"
612,521,Unfezant,Gen. 5,Proud Pokémon,Rivalry,2010-09-18,"Normal, Flying","Big Pecks, Super Luck"
613,522,Blitzle,Gen. 5,Electrified Pokémon,Sap Sipper,2010-09-18,"Electric, ","Lightning Rod, Motor Drive"
614,523,Zebstrika,Gen. 5,Thunderbolt Pokémon,Sap Sipper,2010-09-18,"Electric, ","Lightning Rod, Motor Drive"
615,524,Roggenrola,Gen. 5,Mantle Pokémon,Sand Force,2010-09-18,"Rock, ","Sturdy, Weak Armor"
616,525,Boldore,Gen. 5,Ore Pokémon,Sand Force,2010-09-18,"Rock, ","Sturdy, Weak Armor"
617,526,Gigalith,Gen. 5,Compressed Pokémon,Sand Force,2010-09-18,"Rock, ","Sturdy, Sand Stream"
618,527,Woobat,Gen. 5,Bat Pokémon,Simple,2010-09-18,"Psychic, Flying","Unaware, Klutz"
619,528,Swoobat,Gen. 5,Courting Pokémon,Simple,2010-09-18,"Psychic, Flying","Unaware, Klutz"
620,529,Drilbur,Gen. 5,Mole Pokémon,Mold Breaker,2010-09-18,"Ground, ","Sand Rush, Sand Force"
621,530,Excadrill,Gen. 5,Subterrene Pokémon,Mold Breaker,2010-09-18,"Ground, Steel","Sand Rush, Sand Force"
622,531,Audino,Gen. 5,Hearing Pokémon,Klutz,2010-09-18,"Normal, ","Healer, Regenerator"
623,531,Mega Audino,Gen. 5,Hearing Pokémon,,2010-09-18,"Normal, Fairy","Healer, "
624,532,Timburr,Gen. 5,Muscular Pokémon,Iron Fist,2010-09-18,"Fighting, ","Guts, Sheer Force"
625,533,Gurdurr,Gen. 5,Muscular Pokémon,Iron Fist,2010-09-18,"Fighting, ","Guts, Sheer Force"
626,534,Conkeldurr,Gen. 5,Muscular Pokémon,Iron Fist,2010-09-18,"Fighting, ","Guts, Sheer Force"
627,535,Tympole,Gen. 5,Tadpole Pokémon,Water Absorb,2010-09-18,"Water, ","Swift Swim, Hydration"
628,536,Palpitoad,Gen. 5,Vibration Pokémon,Water Absorb,2010-09-18,"Water, Ground","Swift Swim, Hydration"
629,537,Seismitoad,Gen. 5,Vibration Pokémon,Water Absorb,2010-09-18,"Water, Ground","Swift Swim, Poison Touch"
630,538,Throh,Gen. 5,Judo Pokémon,Mold Breaker,2010-09-18,"Fighting, ","Guts, Inner Focus"
631,539,Sawk,Gen. 5,Karate Pokémon,Mold Breaker,2010-09-18,"Fighting, ","Sturdy, Inner Focus"
632,540,Sewaddle,Gen. 5,Sewing Pokémon,Overcoat,2010-09-18,"Bug, Grass","Swarm, Chlorophyll"
633,541,Swadloon,Gen. 5,Leaf-Wrapped Pokémon,Overcoat,2010-09-18,"Bug, Grass","Leaf Guard, Chlorophyll"
634,542,Leavanny,Gen. 5,Nurturing Pokémon,Overcoat,2010-09-18,"Bug, Grass","Swarm, Chlorophyll"
635,543,Venipede,Gen. 5,Centipede Pokémon,Speed Boost,2010-09-18,"Bug, Poison","Poison Point, Swarm"
636,544,Whirlipede,Gen. 5,Curlipede Pokémon,Speed Boost,2010-09-18,"Bug, Poison","Poison Point, Swarm"
637,545,Scolipede,Gen. 5,Megapede Pokémon,Speed Boost,2010-09-18,"Bug, Poison","Poison Point, Swarm"
638,546,Cottonee,Gen. 5,Cotton Puff Pokémon,Chlorophyll,2010-09-18,"Grass, Fairy","Prankster, Infiltrator"
639,547,Whimsicott,Gen. 5,Windveiled Pokémon,Chlorophyll,2010-09-18,"Grass, Fairy","Prankster, Infiltrator"
640,548,Petilil,Gen. 5,Bulb Pokémon,Leaf Guard,2010-09-18,"Grass, ","Chlorophyll, Own Tempo"
641,549,Lilligant,Gen. 5,Flowering Pokémon,Leaf Guard,2010-09-18,"Grass, ","Chlorophyll, Own Tempo"
642,550,Basculin Red-Striped Form,Gen. 5,Hostile Pokémon,Mold Breaker,2010-09-18,"Water, ","Reckless, Adaptability"
643,550,Basculin Blue-Striped Form,Gen. 5,Hostile Pokémon,Mold Breaker,2010-09-18,"Water, ","Rock Head, Adaptability"
644,551,Sandile,Gen. 5,Desert Croc Pokémon,Anger Point,2010-09-18,"Ground, Dark","Intimidate, Moxie"
645,552,Krokorok,Gen. 5,Desert Croc Pokémon,Anger Point,2010-09-18,"Ground, Dark","Intimidate, Moxie"
646,553,Krookodile,Gen. 5,Intimidation Pokémon,Anger Point,2010-09-18,"Ground, Dark","Intimidate, Moxie"
647,554,Darumaka,Gen. 5,Zen Charm Pokémon,Inner Focus,2010-09-18,"Fire, ","Hustle, "
648,554,Galarian Darumaka,Gen. 5,Zen Charm Pokémon,Inner Focus,2010-09-18,"Ice, ","Hustle, "
649,555,Darmanitan Standard Mode,Gen. 5,Blazing Pokémon,Zen Mode,2010-09-18,"Fire, ","Sheer Force, "
650,555,Darmanitan Zen Mode,Gen. 5,Blazing Pokémon,Zen Mode,2010-09-18,"Fire, Psychic","Sheer Force, "
651,555,Darmanitan Galarian Standard Mode,Gen. 5,Zen Charm Pokémon,Zen Mode,2010-09-18,"Ice, ","Gorilla Tactics, "
652,555,Darmanitan Galarian Zen Mode,Gen. 5,Zen Charm Pokémon,Zen Mode,2010-09-18,"Ice, Fire","Gorilla Tactics, "
653,556,Maractus,Gen. 5,Cactus Pokémon,Storm Drain,2010-09-18,"Grass, ","Water Absorb, Chlorophyll"
654,557,Dwebble,Gen. 5,Rock Inn Pokémon,Weak Armor,2010-09-18,"Bug, Rock","Sturdy, Shell Armor"
655,558,Crustle,Gen. 5,Stone Home Pokémon,Weak Armor,2010-09-18,"Bug, Rock","Sturdy, Shell Armor"
656,559,Scraggy,Gen. 5,Shedding Pokémon,Intimidate,2010-09-18,"Dark, Fighting","Shed Skin, Moxie"
657,560,Scrafty,Gen. 5,Hoodlum Pokémon,Intimidate,2010-09-18,"Dark, Fighting","Shed Skin, Moxie"
658,561,Sigilyph,Gen. 5,Avianoid Pokémon,Tinted Lens,2010-09-18,"Psychic, Flying","Wonder Skin, Magic Guard"
659,562,Yamask,Gen. 5,Spirit Pokémon,,2010-09-18,"Ghost, ","Mummy, "
660,562,Galarian Yamask,Gen. 5,Spirit Pokémon,,2010-09-18,"Ground, Ghost","Wandering Spirit, "
661,563,Cofagrigus,Gen. 5,Coffin Pokémon,,2010-09-18,"Ghost, ","Mummy, "
662,564,Tirtouga,Gen. 5,Prototurtle Pokémon,Swift Swim,2010-09-18,"Water, Rock","Solid Rock, Sturdy"
663,565,Carracosta,Gen. 5,Prototurtle Pokémon,Swift Swim,2010-09-18,"Water, Rock","Solid Rock, Sturdy"
664,566,Archen,Gen. 5,First Bird Pokémon,,2010-09-18,"Rock, Flying","Defeatist, "
665,567,Archeops,Gen. 5,First Bird Pokémon,,2010-09-18,"Rock, Flying","Defeatist, "
666,568,Trubbish,Gen. 5,Trash Bag Pokémon,Aftermath,2010-09-18,"Poison, ","Stench, Sticky Hold"
667,569,Garbodor,Gen. 5,Trash Heap Pokémon,Aftermath,2010-09-18,"Poison, ","Stench, Weak Armor"
668,570,Zorua,Gen. 5,Tricky Fox Pokémon,,2010-09-18,"Dark, ","Illusion, "
669,571,Zoroark,Gen. 5,Illusion Fox Pokémon,,2010-09-18,"Dark, ","Illusion, "
670,572,Minccino,Gen. 5,Chinchilla Pokémon,Skill Link,2010-09-18,"Normal, ","Cute Charm, Technician"
671,573,Cinccino,Gen. 5,Scarf Pokémon,Skill Link,2010-09-18,"Normal, ","Cute Charm, Technician"
672,574,Gothita,Gen. 5,Fixation Pokémon,Shadow Tag,2010-09-18,"Psychic, ","Frisk, Competitive"
673,575,Gothorita,Gen. 5,Manipulate Pokémon,Shadow Tag,2010-09-18,"Psychic, ","Frisk, Competitive"
674,576,Gothitelle,Gen. 5,Astral Body Pokémon,Shadow Tag,2010-09-18,"Psychic, ","Frisk, Competitive"
675,577,Solosis,Gen. 5,Cell Pokémon,Regenerator,2010-09-18,"Psychic, ","Overcoat, Magic Guard"
676,578,Duosion,Gen. 5,Mitosis Pokémon,Regenerator,2010-09-18,"Psychic, ","Overcoat, Magic Guard"
677,579,Reuniclus,Gen. 5,Multiplying Pokémon,Regenerator,2010-09-18,"Psychic, ","Overcoat, Magic Guard"
678,580,Ducklett,Gen. 5,Water Bird Pokémon,Hydration,2010-09-18,"Water, Flying","Keen Eye, Big Pecks"
679,581,Swanna,Gen. 5,White Bird Pokémon,Hydration,2010-09-18,"Water, Flying","Keen Eye, Big Pecks"
680,582,Vanillite,Gen. 5,Fresh Snow Pokémon,Weak Armor,2010-09-18,"Ice, ","Ice Body, Snow Cloak"
681,583,Vanillish,Gen. 5,Icy Snow Pokémon,Weak Armor,2010-09-18,"Ice, ","Ice Body, Snow Cloak"
682,584,Vanilluxe,Gen. 5,Snowstorm Pokémon,Weak Armor,2010-09-18,"Ice, ","Ice Body, Snow Warning"
683,585,Deerling,Gen. 5,Season Pokémon,Serene Grace,2010-09-18,"Normal, Grass","Chlorophyll, Sap Sipper"
684,586,Sawsbuck,Gen. 5,Season Pokémon,Serene Grace,2010-09-18,"Normal, Grass","Chlorophyll, Sap Sipper"
685,587,Emolga,Gen. 5,Sky Squirrel Pokémon,Motor Drive,2010-09-18,"Electric, Flying","Static, "
686,588,Karrablast,Gen. 5,Clamping Pokémon,No Guard,2010-09-18,"Bug, ","Swarm, Shed Skin"
687,589,Escavalier,Gen. 5,Cavalry Pokémon,Overcoat,2010-09-18,"Bug, Steel","Swarm, Shell Armor"
688,590,Foongus,Gen. 5,Mushroom Pokémon,Regenerator,2010-09-18,"Grass, Poison","Effect Spore, "
689,591,Amoonguss,Gen. 5,Mushroom Pokémon,Regenerator,2010-09-18,"Grass, Poison","Effect Spore, "
690,592,Frillish,Gen. 5,Floating Pokémon,Damp,2010-09-18,"Water, Ghost","Water Absorb, Cursed Body"
691,593,Jellicent,Gen. 5,Floating Pokémon,Damp,2010-09-18,"Water, Ghost","Water Absorb, Cursed Body"
692,594,Alomomola,Gen. 5,Caring Pokémon,Regenerator,2010-09-18,"Water, ","Healer, Hydration"
693,595,Joltik,Gen. 5,Attaching Pokémon,Swarm,2010-09-18,"Bug, Electric","Compound Eyes, Unnerve"
694,596,Galvantula,Gen. 5,EleSpider Pokémon,Swarm,2010-09-18,"Bug, Electric","Compound Eyes, Unnerve"
695,597,Ferroseed,Gen. 5,Thorn Seed Pokémon,Anticipation,2010-09-18,"Grass, Steel","Iron Barbs, "
696,598,Ferrothorn,Gen. 5,Thorn Pod Pokémon,Anticipation,2010-09-18,"Grass, Steel","Iron Barbs, "
697,599,Klink,Gen. 5,Gear Pokémon,Clear Body,2010-09-18,"Steel, ","Plus, Minus"
698,600,Klang,Gen. 5,Gear Pokémon,Clear Body,2010-09-18,"Steel, ","Plus, Minus"
699,601,Klinklang,Gen. 5,Gear Pokémon,Clear Body,2010-09-18,"Steel, ","Plus, Minus"
700,602,Tynamo,Gen. 5,EleFish Pokémon,,2010-09-18,"Electric, ","Levitate, "
701,603,Eelektrik,Gen. 5,EleFish Pokémon,,2010-09-18,"Electric, ","Levitate, "
702,604,Eelektross,Gen. 5,EleFish Pokémon,,2010-09-18,"Electric, ","Levitate, "
703,605,Elgyem,Gen. 5,Cerebral Pokémon,Analytic,2010-09-18,"Psychic, ","Telepathy, Synchronize"
704,606,Beheeyem,Gen. 5,Cerebral Pokémon,Analytic,2010-09-18,"Psychic, ","Telepathy, Synchronize"
705,607,Litwick,Gen. 5,Candle Pokémon,Infiltrator,2010-09-18,"Ghost, Fire","Flash Fire, Flame Body"
706,608,Lampent,Gen. 5,Lamp Pokémon,Infiltrator,2010-09-18,"Ghost, Fire","Flash Fire, Flame Body"
707,609,Chandelure,Gen. 5,Luring Pokémon,Infiltrator,2010-09-18,"Ghost, Fire","Flash Fire, Flame Body"
708,610,Axew,Gen. 5,Tusk Pokémon,Unnerve,2010-09-18,"Dragon, ","Rivalry, Mold Breaker"
709,611,Fraxure,Gen. 5,Axe Jaw Pokémon,Unnerve,2010-09-18,"Dragon, ","Rivalry, Mold Breaker"
710,612,Haxorus,Gen. 5,Axe Jaw Pokémon,Unnerve,2010-09-18,"Dragon, ","Rivalry, Mold Breaker"
711,613,Cubchoo,Gen. 5,Chill Pokémon,Rattled,2010-09-18,"Ice, ","Snow Cloak, Slush Rush"
712,614,Beartic,Gen. 5,Freezing Pokémon,Swift Swim,2010-09-18,"Ice, ","Snow Cloak, Slush Rush"
713,615,Cryogonal,Gen. 5,Crystallizing Pokémon,,2010-09-18,"Ice, ","Levitate, "
714,616,Shelmet,Gen. 5,Snail Pokémon,Overcoat,2010-09-18,"Bug, ","Hydration, Shell Armor"
715,617,Accelgor,Gen. 5,Shell Out Pokémon,Unburden,2010-09-18,"Bug, ","Hydration, Sticky Hold"
716,618,Stunfisk,Gen. 5,Trap Pokémon,Sand Veil,2010-09-18,"Ground, Electric","Static, Limber"
717,618,Galarian Stunfisk,Gen. 5,Trap Pokémon,,2010-09-18,"Ground, Steel","Mimicry, "
718,619,Mienfoo,Gen. 5,Martial Arts Pokémon,Reckless,2010-09-18,"Fighting, ","Inner Focus, Regenerator"
719,620,Mienshao,Gen. 5,Martial Arts Pokémon,Reckless,2010-09-18,"Fighting, ","Inner Focus, Regenerator"
720,621,Druddigon,Gen. 5,Cave Pokémon,Mold Breaker,2010-09-18,"Dragon, ","Rough Skin, Sheer Force"
721,622,Golett,Gen. 5,Automaton Pokémon,No Guard,2010-09-18,"Ground, Ghost","Iron Fist, Klutz"
722,623,Golurk,Gen. 5,Automaton Pokémon,No Guard,2010-09-18,"Ground, Ghost","Iron Fist, Klutz"
723,624,Pawniard,Gen. 5,Sharp Blade Pokémon,Pressure,2010-09-18,"Dark, Steel","Defiant, Inner Focus"
724,625,Bisharp,Gen. 5,Sword Blade Pokémon,Pressure,2010-09-18,"Dark, Steel","Defiant, Inner Focus"
725,626,Bouffalant,Gen. 5,Bash Buffalo Pokémon,Soundproof,2010-09-18,"Normal, ","Reckless, Sap Sipper"
726,627,Rufflet,Gen. 5,Eaglet Pokémon,Hustle,2010-09-18,"Normal, Flying","Keen Eye, Sheer Force"
727,628,Braviary,Gen. 5,Valiant Pokémon,Defiant,2010-09-18,"Normal, Flying","Keen Eye, Sheer Force"
728,629,Vullaby,Gen. 5,Diapered Pokémon,Weak Armor,2010-09-18,"Dark, Flying","Big Pecks, Overcoat"
729,630,Mandibuzz,Gen. 5,Bone Vulture Pokémon,Weak Armor,2010-09-18,"Dark, Flying","Big Pecks, Overcoat"
730,631,Heatmor,Gen. 5,Anteater Pokémon,White Smoke,2010-09-18,"Fire, ","Gluttony, Flash Fire"
731,632,Durant,Gen. 5,Iron Ant Pokémon,Truant,2010-09-18,"Bug, Steel","Swarm, Hustle"
732,633,Deino,Gen. 5,Irate Pokémon,,2010-09-18,"Dark, Dragon","Hustle, "
733,634,Zweilous,Gen. 5,Hostile Pokémon,,2010-09-18,"Dark, Dragon","Hustle, "
734,635,Hydreigon,Gen. 5,Brutal Pokémon,,2010-09-18,"Dark, Dragon","Levitate, "
735,636,Larvesta,Gen. 5,Torch Pokémon,Swarm,2010-09-18,"Bug, Fire","Flame Body, "
736,637,Volcarona,Gen. 5,Sun Pokémon,Swarm,2010-09-18,"Bug, Fire","Flame Body, "
737,638,Cobalion,Gen. 5,Iron Will Pokémon,,2010-09-18,"Steel, Fighting","Justified, "
738,639,Terrakion,Gen. 5,Cavern Pokémon,,2010-09-18,"Rock, Fighting","Justified, "
739,640,Virizion,Gen. 5,Grassland Pokémon,,2010-09-18,"Grass, Fighting","Justified, "
740,641,Tornadus Incarnate Forme,Gen. 5,Cyclone Pokémon,Defiant,2010-09-18,"Flying, ","Prankster, "
741,641,Tornadus Therian Forme,Gen. 5,Cyclone Pokémon,,2010-09-18,"Flying, ","Regenerator, "
742,642,Thundurus Incarnate Forme,Gen. 5,Bolt Strike Pokémon,Defiant,2010-09-18,"Electric, Flying","Prankster, "
743,642,Thundurus Therian Forme,Gen. 5,Bolt Strike Pokémon,,2010-09-18,"Electric, Flying","Volt Absorb, "
744,643,Reshiram,Gen. 5,Vast White Pokémon,,2010-09-18,"Dragon, Fire","Turboblaze, "
745,644,Zekrom,Gen. 5,Deep Black Pokémon,,2010-09-18,"Dragon, Electric","Teravolt, "
746,645,Landorus Incarnate Forme,Gen. 5,Abundance Pokémon,Sheer Force,2010-09-18,"Ground, Flying","Sand Force, "
747,645,Landorus Therian Forme,Gen. 5,Abundance Pokémon,,2010-09-18,"Ground, Flying","Intimidate, "
748,646,Kyurem,Gen. 5,Boundary Pokémon,,2010-09-18,"Dragon, Ice","Pressure, "
749,646,Black Kyurem,Gen. 5,Boundary Pokémon,,2010-09-18,"Dragon, Ice","Teravolt, "
750,646,White Kyurem,Gen. 5,Boundary Pokémon,,2010-09-18,"Dragon, Ice","Turboblaze, "
751,647,Keldeo Ordinary Forme,Gen. 5,Colt Pokémon,,2010-09-18,"Water, Fighting","Justified, "
752,647,Keldeo Resolute Forme,Gen. 5,Colt Pokémon,,2010-09-18,"Water, Fighting","Justified, "
753,648,Meloetta Aria Forme,Gen. 5,Melody Pokémon,,2010-09-18,"Normal, Psychic","Serene Grace, "
754,648,Meloetta Pirouette Forme,Gen. 5,Melody Pokémon,,2010-09-18,"Normal, Fighting","Serene Grace, "
755,649,Genesect,Gen. 5,Paleozoic Pokémon,,2010-09-18,"Bug, Steel","Download, "
756,650,Chespin,Gen. 6,Spiny Nut Pokémon,Bulletproof,2013-10-12,"Grass, ","Overgrow, "
757,651,Quilladin,Gen. 6,Spiny Armor Pokémon,Bulletproof,2013-10-12,"Grass, ","Overgrow, "
758,652,Chesnaught,Gen. 6,Spiny Armor Pokémon,Bulletproof,2013-10-12,"Grass, Fighting","Overgrow, "
759,653,Fennekin,Gen. 6,Fox Pokémon,Magician,2013-10-12,"Fire, ","Blaze, "
760,654,Braixen,Gen. 6,Fox Pokémon,Magician,2013-10-12,"Fire, ","Blaze, "
761,655,Delphox,Gen. 6,Fox Pokémon,Magician,2013-10-12,"Fire, Psychic","Blaze, "
762,656,Froakie,Gen. 6,Bubble Frog Pokémon,Protean,2013-10-12,"Water, ","Torrent, "
763,657,Frogadier,Gen. 6,Bubble Frog Pokémon,Protean,2013-10-12,"Water, ","Torrent, "
764,658,Greninja,Gen. 6,Ninja Pokémon,Protean,2013-10-12,"Water, Dark","Torrent, "
765,658,Ash-Greninja,Gen. 6,Ninja Pokémon,,2013-10-12,"Water, Dark","Battle Bond, "
766,659,Bunnelby,Gen. 6,Digging Pokémon,Huge Power,2013-10-12,"Normal, ","Pickup, Cheek Pouch"
767,660,Diggersby,Gen. 6,Digging Pokémon,Huge Power,2013-10-12,"Normal, Ground","Pickup, Cheek Pouch"
768,661,Fletchling,Gen. 6,Tiny Robin Pokémon,Gale Wings,2013-10-12,"Normal, Flying","Big Pecks, "
769,662,Fletchinder,Gen. 6,Ember Pokémon,Gale Wings,2013-10-12,"Fire, Flying","Flame Body, "
770,663,Talonflame,Gen. 6,Scorching Pokémon,Gale Wings,2013-10-12,"Fire, Flying","Flame Body, "
771,664,Scatterbug,Gen. 6,Scatterdust Pokémon,Friend Guard,2013-10-12,"Bug, ","Shield Dust, Compound Eyes"
772,665,Spewpa,Gen. 6,Scatterdust Pokémon,Friend Guard,2013-10-12,"Bug, ","Shed Skin, "
773,666,Vivillon,Gen. 6,Scale Pokémon,Friend Guard,2013-10-12,"Bug, Flying","Shield Dust, Compound Eyes"
774,667,Litleo,Gen. 6,Lion Cub Pokémon,Moxie,2013-10-12,"Fire, Normal","Rivalry, Unnerve"
775,668,Pyroar,Gen. 6,Royal Pokémon,Moxie,2013-10-12,"Fire, Normal","Rivalry, Unnerve"
776,669,Flabébé,Gen. 6,Single Bloom Pokémon,Symbiosis,2013-10-12,"Fairy, ","Flower Veil, "
777,670,Floette,Gen. 6,Single Bloom Pokémon,Symbiosis,2013-10-12,"Fairy, ","Flower Veil, "
778,671,Florges,Gen. 6,Garden Pokémon,Symbiosis,2013-10-12,"Fairy, ","Flower Veil, "
779,672,Skiddo,Gen. 6,Mount Pokémon,Grass Pelt,2013-10-12,"Grass, ","Sap Sipper, "
780,673,Gogoat,Gen. 6,Mount Pokémon,Grass Pelt,2013-10-12,"Grass, ","Sap Sipper, "
781,674,Pancham,Gen. 6,Playful Pokémon,Scrappy,2013-10-12,"Fighting, ","Iron Fist, Mold Breaker"
782,675,Pangoro,Gen. 6,Daunting Pokémon,Scrappy,2013-10-12,"Fighting, Dark","Iron Fist, Mold Breaker"
783,676,Furfrou,Gen. 6,Poodle Pokémon,,2013-10-12,"Normal, ","Fur Coat, "
784,677,Espurr,Gen. 6,Restraint Pokémon,Own Tempo,2013-10-12,"Psychic, ","Keen Eye, Infiltrator"
785,678,Meowstic Male,Gen. 6,Constraint Pokémon,Prankster,2013-10-12,"Psychic, ","Keen Eye, Infiltrator"
786,678,Meowstic Female,Gen. 6,Constraint Pokémon,Competitive,2013-10-12,"Psychic, ","Keen Eye, Infiltrator"
787,679,Honedge,Gen. 6,Sword Pokémon,,2013-10-12,"Steel, Ghost","No Guard, "
788,680,Doublade,Gen. 6,Sword Pokémon,,2013-10-12,"Steel, Ghost","No Guard, "
789,681,Aegislash Blade Forme,Gen. 6,Royal Sword Pokémon,,2013-10-12,"Steel, Ghost","Stance Change, "
790,681,Aegislash Shield Forme,Gen. 6,Royal Sword Pokémon,,2013-10-12,"Steel, Ghost","Stance Change, "
791,682,Spritzee,Gen. 6,Perfume Pokémon,Aroma Veil,2013-10-12,"Fairy, ","Healer, "
792,683,Aromatisse,Gen. 6,Fragrance Pokémon,Aroma Veil,2013-10-12,"Fairy, ","Healer, "
793,684,Swirlix,Gen. 6,Cotton Candy Pokémon,Unburden,2013-10-12,"Fairy, ","Sweet Veil, "
794,685,Slurpuff,Gen. 6,Meringue Pokémon,Unburden,2013-10-12,"Fairy, ","Sweet Veil, "
795,686,Inkay,Gen. 6,Revolving Pokémon,Infiltrator,2013-10-12,"Dark, Psychic","Contrary, Suction Cups"
796,687,Malamar,Gen. 6,Overturning Pokémon,Infiltrator,2013-10-12,"Dark, Psychic","Contrary, Suction Cups"
797,688,Binacle,Gen. 6,Two-Handed Pokémon,Pickpocket,2013-10-12,"Rock, Water","Sniper, Tough Claws"
798,689,Barbaracle,Gen. 6,Collective Pokémon,Pickpocket,2013-10-12,"Rock, Water","Sniper, Tough Claws"
799,690,Skrelp,Gen. 6,Mock Kelp Pokémon,Adaptability,2013-10-12,"Poison, Water","Poison Point, Poison Touch"
800,691,Dragalge,Gen. 6,Mock Kelp Pokémon,Adaptability,2013-10-12,"Poison, Dragon","Poison Point, Poison Touch"
801,692,Clauncher,Gen. 6,Water Gun Pokémon,,2013-10-12,"Water, ","Mega Launcher, "
802,693,Clawitzer,Gen. 6,Howitzer Pokémon,,2013-10-12,"Water, ","Mega Launcher, "
803,694,Helioptile,Gen. 6,Generator Pokémon,Solar Power,2013-10-12,"Electric, Normal","Dry Skin, Sand Veil"
804,695,Heliolisk,Gen. 6,Generator Pokémon,Solar Power,2013-10-12,"Electric, Normal","Dry Skin, Sand Veil"
805,696,Tyrunt,Gen. 6,Royal Heir Pokémon,Sturdy,2013-10-12,"Rock, Dragon","Strong Jaw, "
806,697,Tyrantrum,Gen. 6,Despot Pokémon,Rock Head,2013-10-12,"Rock, Dragon","Strong Jaw, "
807,698,Amaura,Gen. 6,Tundra Pokémon,Snow Warning,2013-10-12,"Rock, Ice","Refrigerate, "
808,699,Aurorus,Gen. 6,Tundra Pokémon,Snow Warning,2013-10-12,"Rock, Ice","Refrigerate, "
809,700,Sylveon,Gen. 6,Intertwining Pokémon,Pixilate,2013-10-12,"Fairy, ","Cute Charm, "
810,701,Hawlucha,Gen. 6,Wrestling Pokémon,Mold Breaker,2013-10-12,"Fighting, Flying","Limber, Unburden"
811,702,Dedenne,Gen. 6,Antenna Pokémon,Plus,2013-10-12,"Electric, Fairy","Cheek Pouch, Pickup"
812,703,Carbink,Gen. 6,Jewel Pokémon,Sturdy,2013-10-12,"Rock, Fairy","Clear Body, "
813,704,Goomy,Gen. 6,Soft Tissue Pokémon,Gooey,2013-10-12,"Dragon, ","Sap Sipper, Hydration"
814,705,Sliggoo,Gen. 6,Soft Tissue Pokémon,Gooey,2013-10-12,"Dragon, ","Sap Sipper, Hydration"
815,706,Goodra,Gen. 6,Dragon Pokémon,Gooey,2013-10-12,"Dragon, ","Sap Sipper, Hydration"
816,707,Klefki,Gen. 6,Key Ring Pokémon,Magician,2013-10-12,"Steel, Fairy","Prankster, "
817,708,Phantump,Gen. 6,Stump Pokémon,Harvest,2013-10-12,"Ghost, Grass","Natural Cure, Frisk"
818,709,Trevenant,Gen. 6,Elder Tree Pokémon,Harvest,2013-10-12,"Ghost, Grass","Natural Cure, Frisk"
819,710,Pumpkaboo Average Size,Gen. 6,Pumpkin Pokémon,Insomnia,2013-10-12,"Ghost, Grass","Pickup, Frisk"
820,710,Pumpkaboo Small Size,Gen. 6,Pumpkin Pokémon,Insomnia,2013-10-12,"Ghost, Grass","Pickup, Frisk"
821,710,Pumpkaboo Large Size,Gen. 6,Pumpkin Pokémon,Insomnia,2013-10-12,"Ghost, Grass","Pickup, Frisk"
822,710,Pumpkaboo Super Size,Gen. 6,Pumpkin Pokémon,Insomnia,2013-10-12,"Ghost, Grass","Pickup, Frisk"
823,711,Gourgeist Average Size,Gen. 6,Pumpkin Pokémon,Insomnia,2013-10-12,"Ghost, Grass","Pickup, Frisk"
824,711,Gourgeist Small Size,Gen. 6,Pumpkin Pokémon,Insomnia,2013-10-12,"Ghost, Grass","Pickup, Frisk"
825,711,Gourgeist Large Size,Gen. 6,Pumpkin Pokémon,Insomnia,2013-10-12,"Ghost, Grass","Pickup, Frisk"
826,711,Gourgeist Super Size,Gen. 6,Pumpkin Pokémon,Insomnia,2013-10-12,"Ghost, Grass","Pickup, Frisk"
827,712,Bergmite,Gen. 6,Ice Chunk Pokémon,Sturdy,2013-10-12,"Ice, ","Own Tempo, Ice Body"
828,713,Avalugg,Gen. 6,Iceberg Pokémon,Sturdy,2013-10-12,"Ice, ","Own Tempo, Ice Body"
829,714,Noibat,Gen. 6,Sound Wave Pokémon,Telepathy,2013-10-12,"Flying, Dragon","Frisk, Infiltrator"
830,715,Noivern,Gen. 6,Sound Wave Pokémon,Telepathy,2013-10-12,"Flying, Dragon","Frisk, Infiltrator"
831,716,Xerneas,Gen. 6,Life Pokémon,,2013-10-12,"Fairy, ","Fairy Aura, "
832,717,Yveltal,Gen. 6,Destruction Pokémon,,2013-10-12,"Dark, Flying","Dark Aura, "
833,718,Zygarde 50% Forme,Gen. 6,Order Pokémon,,2013-10-12,"Dragon, Ground","Aura Break, Power Construct"
834,718,Zygarde 10% Forme,Gen. 6,Order Pokémon,,2013-10-12,"Dragon, Ground","Aura Break, Power Construct"
835,718,Zygarde Complete Forme,Gen. 6,Order Pokémon,,2013-10-12,"Dragon, Ground","Power Construct, "
836,719,Diancie,Gen. 6,Jewel Pokémon,,2013-10-12,"Rock, Fairy","Clear Body, "
837,719,Mega Diancie,Gen. 6,Jewel Pokémon,,2013-10-12,"Rock, Fairy","Magic Bounce, "
838,720,Hoopa Hoopa Confined,Gen. 6,Mischief Pokémon,,2013-10-12,"Psychic, Ghost","Magician, "
839,720,Hoopa Hoopa Unbound,Gen. 6,Djinn Pokémon,,2013-10-12,"Psychic, Dark","Magician, "
840,721,Volcanion,Gen. 6,Steam Pokémon,,2013-10-12,"Fire, Water","Water Absorb, "
841,722,Rowlet,Gen. 7,Grass Quill Pokémon,Long Reach,2016-11-18,"Grass, Flying","Overgrow, "
842,723,Dartrix,Gen. 7,Blade Quill Pokémon,Long Reach,2016-11-18,"Grass, Flying","Overgrow, "
843,724,Decidueye,Gen. 7,Arrow Quill Pokémon,Long Reach,2016-11-18,"Grass, Ghost","Overgrow, "
844,725,Litten,Gen. 7,Fire Cat Pokémon,Intimidate,2016-11-18,"Fire, ","Blaze, "
845,726,Torracat,Gen. 7,Fire Cat Pokémon,Intimidate,2016-11-18,"Fire, ","Blaze, "
846,727,Incineroar,Gen. 7,Heel Pokémon,Intimidate,2016-11-18,"Fire, Dark","Blaze, "
847,728,Popplio,Gen. 7,Sea Lion Pokémon,Liquid Voice,2016-11-18,"Water, ","Torrent, "
848,729,Brionne,Gen. 7,Pop Star Pokémon,Liquid Voice,2016-11-18,"Water, ","Torrent, "
849,730,Primarina,Gen. 7,Soloist Pokémon,Liquid Voice,2016-11-18,"Water, Fairy","Torrent, "
850,731,Pikipek,Gen. 7,Woodpecker Pokémon,Pickup,2016-11-18,"Normal, Flying","Keen Eye, Skill Link"
851,732,Trumbeak,Gen. 7,Bugle Beak Pokémon,Pickup,2016-11-18,"Normal, Flying","Keen Eye, Skill Link"
852,733,Toucannon,Gen. 7,Cannon Pokémon,Sheer Force,2016-11-18,"Normal, Flying","Keen Eye, Skill Link"
853,734,Yungoos,Gen. 7,Loitering Pokémon,Adaptability,2016-11-18,"Normal, ","Strong Jaw, Stakeout"
854,735,Gumshoos,Gen. 7,Stakeout Pokémon,Adaptability,2016-11-18,"Normal, ","Strong Jaw, Stakeout"
855,736,Grubbin,Gen. 7,Larva Pokémon,,2016-11-18,"Bug, ","Swarm, "
856,737,Charjabug,Gen. 7,Battery Pokémon,,2016-11-18,"Bug, Electric","Battery, "
857,738,Vikavolt,Gen. 7,Stag Beetle Pokémon,,2016-11-18,"Bug, Electric","Levitate, "
858,739,Crabrawler,Gen. 7,Boxing Pokémon,Anger Point,2016-11-18,"Fighting, ","Hyper Cutter, Iron Fist"
859,740,Crabominable,Gen. 7,Woolly Crab Pokémon,Anger Point,2016-11-18,"Fighting, Ice","Hyper Cutter, Iron Fist"
860,741,Oricorio Baile Style,Gen. 7,Dancing Pokémon,,2016-11-18,"Fire, Flying","Dancer, "
861,741,Oricorio Pom-Pom Style,Gen. 7,Dancing Pokémon,,2016-11-18,"Electric, Flying","Dancer, "
862,741,Oricorio Pa'u Style,Gen. 7,Dancing Pokémon,,2016-11-18,"Psychic, Flying","Dancer, "
863,741,Oricorio Sensu Style,Gen. 7,Dancing Pokémon,,2016-11-18,"Ghost, Flying","Dancer, "
864,742,Cutiefly,Gen. 7,Bee Fly Pokémon,Sweet Veil,2016-11-18,"Bug, Fairy","Honey Gather, Shield Dust"
865,743,Ribombee,Gen. 7,Bee Fly Pokémon,Sweet Veil,2016-11-18,"Bug, Fairy","Honey Gather, Shield Dust"
866,744,Rockruff,Gen. 7,Puppy Pokémon,Steadfast,2016-11-18,"Rock, ","Keen Eye, Vital Spirit"
867,744,Own Tempo Rockruff,Gen. 7,Puppy Pokémon,,2016-11-18,"Rock, ","Own Tempo, "
868,745,Lycanroc Midday Form,Gen. 7,Wolf Pokémon,Steadfast,2016-11-18,"Rock, ","Keen Eye, Sand Rush"
869,745,Lycanroc Midnight Form,Gen. 7,Wolf Pokémon,No Guard,2016-11-18,"Rock, ","Keen Eye, Vital Spirit"
870,745,Lycanroc Dusk Form,Gen. 7,Wolf Pokémon,,2016-11-18,"Rock, ","Tough Claws, "
871,746,Wishiwashi Solo Form,Gen. 7,Small Fry Pokémon,,2016-11-18,"Water, ","Schooling, "
872,746,Wishiwashi School Form,Gen. 7,Small Fry Pokémon,,2016-11-18,"Water, ","Schooling, "
873,747,Mareanie,Gen. 7,Brutal Star Pokémon,Regenerator,2016-11-18,"Poison, Water","Merciless, Limber"
874,748,Toxapex,Gen. 7,Brutal Star Pokémon,Regenerator,2016-11-18,"Poison, Water","Merciless, Limber"
875,749,Mudbray,Gen. 7,Donkey Pokémon,Inner Focus,2016-11-18,"Ground, ","Own Tempo, Stamina"
876,750,Mudsdale,Gen. 7,Draft Horse Pokémon,Inner Focus,2016-11-18,"Ground, ","Own Tempo, Stamina"
877,751,Dewpider,Gen. 7,Water Bubble Pokémon,Water Absorb,2016-11-18,"Water, Bug","Water Bubble, "
878,752,Araquanid,Gen. 7,Water Bubble Pokémon,Water Absorb,2016-11-18,"Water, Bug","Water Bubble, "
879,753,Fomantis,Gen. 7,Sickle Grass Pokémon,Contrary,2016-11-18,"Grass, ","Leaf Guard, "
880,754,Lurantis,Gen. 7,Bloom Sickle Pokémon,Contrary,2016-11-18,"Grass, ","Leaf Guard, "
881,755,Morelull,Gen. 7,Illuminating Pokémon,Rain Dish,2016-11-18,"Grass, Fairy","Illuminate, Effect Spore"
882,756,Shiinotic,Gen. 7,Illuminating Pokémon,Rain Dish,2016-11-18,"Grass, Fairy","Illuminate, Effect Spore"
883,757,Salandit,Gen. 7,Toxic Lizard Pokémon,Oblivious,2016-11-18,"Poison, Fire","Corrosion, "
884,758,Salazzle,Gen. 7,Toxic Lizard Pokémon,Oblivious,2016-11-18,"Poison, Fire","Corrosion, "
885,759,Stufful,Gen. 7,Flailing Pokémon,Cute Charm,2016-11-18,"Normal, Fighting","Fluffy, Klutz"
886,760,Bewear,Gen. 7,Strong Arm Pokémon,Unnerve,2016-11-18,"Normal, Fighting","Fluffy, Klutz"
887,761,Bounsweet,Gen. 7,Fruit Pokémon,Sweet Veil,2016-11-18,"Grass, ","Leaf Guard, Oblivious"
888,762,Steenee,Gen. 7,Fruit Pokémon,Sweet Veil,2016-11-18,"Grass, ","Leaf Guard, Oblivious"
889,763,Tsareena,Gen. 7,Fruit Pokémon,Sweet Veil,2016-11-18,"Grass, ","Leaf Guard, Queenly Majesty"
890,764,Comfey,Gen. 7,Posy Picker Pokémon,Natural Cure,2016-11-18,"Fairy, ","Flower Veil, Triage"
891,765,Oranguru,Gen. 7,Sage Pokémon,Symbiosis,2016-11-18,"Normal, Psychic","Inner Focus, Telepathy"
892,766,Passimian,Gen. 7,Teamwork Pokémon,Defiant,2016-11-18,"Fighting, ","Receiver, "
893,767,Wimpod,Gen. 7,Turn Tail Pokémon,,2016-11-18,"Bug, Water","Wimp Out, "
894,768,Golisopod,Gen. 7,Hard Scale Pokémon,,2016-11-18,"Bug, Water","Emergency Exit, "
895,769,Sandygast,Gen. 7,Sand Heap Pokémon,Sand Veil,2016-11-18,"Ghost, Ground","Water Compaction, "
896,770,Palossand,Gen. 7,Sand Castle Pokémon,Sand Veil,2016-11-18,"Ghost, Ground","Water Compaction, "
897,771,Pyukumuku,Gen. 7,Sea Cucumber Pokémon,Unaware,2016-11-18,"Water, ","Innards Out, "
898,772,Type: Null,Gen. 7,Synthetic Pokémon,,2016-11-18,"Normal, ","Battle Armor, "
899,773,Silvally,Gen. 7,Synthetic Pokémon,,2016-11-18,"Normal, ","RKS System, "
900,774,Minior Meteor Form,Gen. 7,Meteor Pokémon,,2016-11-18,"Rock, Flying","Shields Down, "
901,774,Minior Core Form,Gen. 7,Meteor Pokémon,,2016-11-18,"Rock, Flying","Shields Down, "
902,775,Komala,Gen. 7,Drowsing Pokémon,,2016-11-18,"Normal, ","Comatose, "
903,776,Turtonator,Gen. 7,Blast Turtle Pokémon,,2016-11-18,"Fire, Dragon","Shell Armor, "
904,777,Togedemaru,Gen. 7,Roly-Poly Pokémon,Sturdy,2016-11-18,"Electric, Steel","Iron Barbs, Lightning Rod"
905,778,Mimikyu,Gen. 7,Disguise Pokémon,,2016-11-18,"Ghost, Fairy","Disguise, "
906,779,Bruxish,Gen. 7,Gnash Teeth Pokémon,Wonder Skin,2016-11-18,"Water, Psychic","Dazzling, Strong Jaw"
907,780,Drampa,Gen. 7,Placid Pokémon,Cloud Nine,2016-11-18,"Normal, Dragon","Berserk, Sap Sipper"
908,781,Dhelmise,Gen. 7,Sea Creeper Pokémon,,2016-11-18,"Ghost, Grass","Steelworker, "
909,782,Jangmo-o,Gen. 7,Scaly Pokémon,Overcoat,2016-11-18,"Dragon, ","Bulletproof, Soundproof"
910,783,Hakamo-o,Gen. 7,Scaly Pokémon,Overcoat,2016-11-18,"Dragon, Fighting","Bulletproof, Soundproof"
911,784,Kommo-o,Gen. 7,Scaly Pokémon,Overcoat,2016-11-18,"Dragon, Fighting","Bulletproof, Soundproof"
912,785,Tapu Koko,Gen. 7,Land Spirit Pokémon,Telepathy,2016-11-18,"Electric, Fairy","Electric Surge, "
913,786,Tapu Lele,Gen. 7,Land Spirit Pokémon,Telepathy,2016-11-18,"Psychic, Fairy","Psychic Surge, "
914,787,Tapu Bulu,Gen. 7,Land Spirit Pokémon,Telepathy,2016-11-18,"Grass, Fairy","Grassy Surge, "
915,788,Tapu Fini,Gen. 7,Land Spirit Pokémon,Telepathy,2016-11-18,"Water, Fairy","Misty Surge, "
916,789,Cosmog,Gen. 7,Nebula Pokémon,,2016-11-18,"Psychic, ","Unaware, "
917,790,Cosmoem,Gen. 7,Protostar Pokémon,,2016-11-18,"Psychic, ","Sturdy, "
918,791,Solgaleo,Gen. 7,Sunne Pokémon,,2016-11-18,"Psychic, Steel","Full Metal Body, "
919,792,Lunala,Gen. 7,Moone Pokémon,,2016-11-18,"Psychic, Ghost","Shadow Shield, "
920,793,Nihilego,Gen. 7,Parasite Pokémon,,2016-11-18,"Rock, Poison","Beast Boost, "
921,794,Buzzwole,Gen. 7,Swollen Pokémon,,2016-11-18,"Bug, Fighting","Beast Boost, "
922,795,Pheromosa,Gen. 7,Lissome Pokémon,,2016-11-18,"Bug, Fighting","Beast Boost, "
923,796,Xurkitree,Gen. 7,Glowing Pokémon,,2016-11-18,"Electric, ","Beast Boost, "
924,797,Celesteela,Gen. 7,Launch Pokémon,,2016-11-18,"Steel, Flying","Beast Boost, "
925,798,Kartana,Gen. 7,Drawn Sword Pokémon,,2016-11-18,"Grass, Steel","Beast Boost, "
926,799,Guzzlord,Gen. 7,Junkivore Pokémon,,2016-11-18,"Dark, Dragon","Beast Boost, "
927,800,Necrozma,Gen. 7,Prism Pokémon,,2016-11-18,"Psychic, ","Prism Armor, "
928,800,Dusk Mane Necrozma,Gen. 7,Prism Pokémon,,2016-11-18,"Psychic, Steel","Prism Armor, "
929,800,Dawn Wings Necrozma,Gen. 7,Prism Pokémon,,2016-11-18,"Psychic, Ghost","Prism Armor, "
930,800,Ultra Necrozma,Gen. 7,Prism Pokémon,,2016-11-18,"Psychic, Dragon","Neuroforce, "
931,801,Magearna,Gen. 7,Artificial Pokémon,,2016-11-18,"Steel, Fairy","Soul-Heart, "
932,802,Marshadow,Gen. 7,Gloomdweller Pokémon,,2016-11-18,"Fighting, Ghost","Technician, "
933,803,Poipole,Gen. 7,Poison Pin Pokémon,,2016-11-18,"Poison, ","Beast Boost, "
934,804,Naganadel,Gen. 7,Poison Pin Pokémon,,2016-11-18,"Poison, Dragon","Beast Boost, "
935,805,Stakataka,Gen. 7,Rampart Pokémon,,2016-11-18,"Rock, Steel","Beast Boost, "
936,806,Blacephalon,Gen. 7,Fireworks Pokémon,,2016-11-18,"Fire, Ghost","Beast Boost, "
937,807,Zeraora,Gen. 7,Thunderclap Pokémon,,2016-11-18,"Electric, ","Volt Absorb, "
938,808,Meltan,Gen. 7,Hex Nut Pokémon,,2016-11-18,"Steel, ","Magnet Pull, "
939,809,Melmetal,Gen. 7,Hex Nut Pokémon,,2016-11-18,"Steel, ","Iron Fist, "
940,810,Grookey,Gen. 8,Chimp Pokémon,Grassy Surge,2019-11-15,"Grass, ","Overgrow, "
941,811,Thwackey,Gen. 8,Beat Pokémon,Grassy Surge,2019-11-15,"Grass, ","Overgrow, "
942,812,Rillaboom,Gen. 8,Drummer Pokémon,Grassy Surge,2019-11-15,"Grass, ","Overgrow, "
943,813,Scorbunny,Gen. 8,Rabbit Pokémon,Libero,2019-11-15,"Fire, ","Blaze, "
944,814,Raboot,Gen. 8,Rabbit Pokémon,Libero,2019-11-15,"Fire, ","Blaze, "
945,815,Cinderace,Gen. 8,Striker Pokémon,Libero,2019-11-15,"Fire, ","Blaze, "
946,816,Sobble,Gen. 8,Water Lizard Pokémon,Sniper,2019-11-15,"Water, ","Torrent, "
947,817,Drizzile,Gen. 8,Water lizard Pokémon,Sniper,2019-11-15,"Water, ","Torrent, "
948,818,Inteleon,Gen. 8,Secret Agent Pokémon,Sniper,2019-11-15,"Water, ","Torrent, "
949,819,Skwovet,Gen. 8,Cheeky Pokémon,Gluttony,2019-11-15,"Normal, ","Cheek Pouch, "
950,820,Greedent,Gen. 8,Greedy Pokémon,Gluttony,2019-11-15,"Normal, ","Cheek Pouch, "
951,821,Rookidee,Gen. 8,Tiny Bird Pokémon,Big Pecks,2019-11-15,"Flying, ","Keen Eye, Unnerve"
952,822,Corvisquire,Gen. 8,Raven Pokémon,Big Pecks,2019-11-15,"Flying, ","Keen Eye, Unnerve"
953,823,Corviknight,Gen. 8,Raven Pokémon,Mirror Armor,2019-11-15,"Flying, Steel","Pressure, Unnerve"
954,824,Blipbug,Gen. 8,Larva Pokémon,Telepathy,2019-11-15,"Bug, ","Swarm, Compound Eyes"
955,825,Dottler,Gen. 8,Radome Pokémon,Telepathy,2019-11-15,"Bug, Psychic","Swarm, Compound Eyes"
956,826,Orbeetle,Gen. 8,Seven Spot Pokémon,Telepathy,2019-11-15,"Bug, Psychic","Swarm, Frisk"
957,827,Nickit,Gen. 8,Fox Pokémon,Stakeout,2019-11-15,"Dark, ","Run Away, Unburden"
958,828,Thievul,Gen. 8,Fox Pokémon,Stakeout,2019-11-15,"Dark, ","Run Away, Unburden"
959,829,Gossifleur,Gen. 8,Flowering Pokémon,Effect Spore,2019-11-15,"Grass, ","Cotton Down, Regenerator"
960,830,Eldegoss,Gen. 8,Cotton Bloom Pokémon,Effect Spore,2019-11-15,"Grass, ","Cotton Down, Regenerator"
961,831,Wooloo,Gen. 8,Sheep Pokémon,Bulletproof,2019-11-15,"Normal, ","Fluffy, Run Away"
962,832,Dubwool,Gen. 8,Sheep Pokémon,Bulletproof,2019-11-15,"Normal, ","Fluffy, Steadfast"
963,833,Chewtle,Gen. 8,Snapping Pokémon,Swift Swim,2019-11-15,"Water, ","Strong Jaw, Shell Armor"
964,834,Drednaw,Gen. 8,Bite Pokémon,Swift Swim,2019-11-15,"Water, Rock","Strong Jaw, Shell Armor"
965,835,Yamper,Gen. 8,Puppy Pokémon,Rattled,2019-11-15,"Electric, ","Ball Fetch, "
966,836,Boltund,Gen. 8,Dog Pokémon,Competitive,2019-11-15,"Electric, ","Strong Jaw, "
967,837,Rolycoly,Gen. 8,Coal Pokémon,Flash Fire,2019-11-15,"Rock, ","Steam Engine, Heatproof"
968,838,Carkol,Gen. 8,Coal Pokémon,Flash Fire,2019-11-15,"Rock, Fire","Steam Engine, Flame Body"
969,839,Coalossal,Gen. 8,Coal Pokémon,Flash Fire,2019-11-15,"Rock, Fire","Steam Engine, Flame Body"
970,840,Applin,Gen. 8,Apple Core Pokémon,Bulletproof,2019-11-15,"Grass, Dragon","Ripen, Gluttony"
971,841,Flapple,Gen. 8,Apple Wing Pokémon,Hustle,2019-11-15,"Grass, Dragon","Ripen, Gluttony"
972,842,Appletun,Gen. 8,Apple Nectar Pokémon,Thick Fat,2019-11-15,"Grass, Dragon","Ripen, Gluttony"
973,843,Silicobra,Gen. 8,Sand Snake Pokémon,Sand Veil,2019-11-15,"Ground, ","Sand Spit, Shed Skin"
974,844,Sandaconda,Gen. 8,Sand Snake Pokémon,Sand Veil,2019-11-15,"Ground, ","Sand Spit, Shed Skin"
975,845,Cramorant,Gen. 8,Gulp Pokémon,,2019-11-15,"Flying, Water","Gulp Missile, "
976,846,Arrokuda,Gen. 8,Rush Pokémon,Propeller Tail,2019-11-15,"Water, ","Swift Swim, "
977,847,Barraskewda,Gen. 8,Skewer Pokémon,Propeller Tail,2019-11-15,"Water, ","Swift Swim, "
978,848,Toxel,Gen. 8,Baby Pokémon,Klutz,2019-11-15,"Electric, Poison","Rattled, Static"
979,849,Toxtricity Low Key Form,Gen. 8,Punk Pokémon,Technician,2019-11-15,"Electric, Poison","Punk Rock, Minus"
980,849,Toxtricity Amped Form,Gen. 8,Punk Pokémon,Technician,2019-11-15,"Electric, Poison","Punk Rock, Plus"
981,850,Sizzlipede,Gen. 8,Radiator Pokémon,Flame Body,2019-11-15,"Fire, Bug","Flash Fire, White Smoke"
982,851,Centiskorch,Gen. 8,Radiator Pokémon,Flame Body,2019-11-15,"Fire, Bug","Flash Fire, White Smoke"
983,852,Clobbopus,Gen. 8,Tantrum Pokémon,Technician,2019-11-15,"Fighting, ","Limber, "
984,853,Grapploct,Gen. 8,Tantrum Pokémon,Technician,2019-11-15,"Fighting, ","Limber, "
985,854,Sinistea,Gen. 8,Black Tea Pokémon,Cursed Body,2019-11-15,"Ghost, ","Weak Armor, "
986,855,Polteageist,Gen. 8,Black Tea Pokémon,Cursed Body,2019-11-15,"Ghost, ","Weak Armor, "
987,856,Hatenna,Gen. 8,Calm Pokémon,Magic Bounce,2019-11-15,"Psychic, ","Healer, Anticipation"
988,857,Hattrem,Gen. 8,Serene Pokémon,Magic Bounce,2019-11-15,"Psychic, ","Healer, Anticipation"
989,858,Hatterene,Gen. 8,Silent Pokémon,Magic Bounce,2019-11-15,"Psychic, Fairy","Healer, Anticipation"
990,859,Impidimp,Gen. 8,Wily Pokémon,Pickpocket,2019-11-15,"Dark, Fairy","Prankster, Frisk"
991,860,Morgrem,Gen. 8,Devious Pokémon,Pickpocket,2019-11-15,"Dark, Fairy","Prankster, Frisk"
992,861,Grimmsnarl,Gen. 8,Bulk Up Pokémon,Pickpocket,2019-11-15,"Dark, Fairy","Prankster, Frisk"
993,862,Obstagoon,Gen. 8,Blocking Pokémon,Defiant,2019-11-15,"Dark, Normal","Reckless, Guts"
994,863,Perrserker,Gen. 8,Viking Pokémon,Steely Spirit,2019-11-15,"Steel, ","Battle Armor, Tough Claws"
995,864,Cursola,Gen. 8,Coral Pokémon,Perish Body,2019-11-15,"Ghost, ","Weak Armor, "
996,865,Sirfetch'd,Gen. 8,Wild Duck Pokémon,Scrappy,2019-11-15,"Fighting, ","Steadfast, "
997,866,Mr. Rime,Gen. 8,Comedian Pokémon,Ice Body,2019-11-15,"Psychic, Ice","Tangled Feet, Screen Cleaner"
998,867,Runerigus,Gen. 8,Grudge Pokémon,,2019-11-15,"Ground, Ghost","Wandering Spirit, "
999,868,Milcery,Gen. 8,Cream Pokémon,Aroma Veil,2019-11-15,"Fairy, ","Sweet Veil, "
1000,869,Alcremie,Gen. 8,Cream Pokémon,Aroma Veil,2019-11-15,"Fairy, ","Sweet Veil, "
1001,870,Falinks,Gen. 8,Formation Pokémon,Defiant,2019-11-15,"Fighting, ","Battle Armor, "
1002,871,Pincurchin,Gen. 8,Sea Urchin Pokémon,Electric Surge,2019-11-15,"Electric, ","Lightning Rod, "
1003,872,Snom,Gen. 8,Worm Pokémon,Ice Scales,2019-11-15,"Ice, Bug","Shield Dust, "
1004,873,Frosmoth,Gen. 8,Frost Moth Pokémon,Ice Scales,2019-11-15,"Ice, Bug","Shield Dust, "
1005,874,Stonjourner,Gen. 8,Big Rock Pokémon,,2019-11-15,"Rock, ","Power Spot, "
1006,875,Eiscue Ice Face,Gen. 8,Penguin Pokémon,,2019-11-15,"Ice, ","Ice Face, "
1007,875,Eiscue Noice Face,Gen. 8,Penguin Pokémon,,2019-11-15,"Ice, ","Ice Face, "
1008,876,Indeedee Male,Gen. 8,Emotion Pokémon,Psychic Surge,2019-11-15,"Psychic, Normal","Inner Focus, Synchronize"
1009,876,Indeedee Female,Gen. 8,Emotion Pokémon,Psychic Surge,2019-11-15,"Psychic, Normal","Own Tempo, Synchronize"
1010,877,Morpeko Full Belly Mode,Gen. 8,Two-Sided Pokémon,,2019-11-15,"Electric, Dark","Hunger Switch, "
1011,877,Morpeko Hangry Mode,Gen. 8,Two-Sided Pokémon,,2019-11-15,"Electric, Dark","Hunger Switch, "
1012,878,Cufant,Gen. 8,Copperderm Pokémon,Heavy Metal,2019-11-15,"Steel, ","Sheer Force, "
1013,879,Copperajah,Gen. 8,Copperderm Pokémon,Heavy Metal,2019-11-15,"Steel, ","Sheer Force, "
1014,880,Dracozolt,Gen. 8,Fossil Pokémon,Sand Rush,2019-11-15,"Electric, Dragon","Volt Absorb, Hustle"
1015,881,Arctozolt,Gen. 8,Fossil Pokémon,Slush Rush,2019-11-15,"Electric, Ice","Volt Absorb, Static"
1016,882,Dracovish,Gen. 8,Fossil Pokémon,Sand Rush,2019-11-15,"Water, Dragon","Water Absorb, Strong Jaw"
1017,883,Arctovish,Gen. 8,Fossil Pokémon,Slush Rush,2019-11-15,"Water, Ice","Water Absorb, Ice Body"
1018,884,Duraludon,Gen. 8,Alloy Pokémon,Stalwart,2019-11-15,"Steel, Dragon","Light Metal, Heavy Metal"
1019,885,Dreepy,Gen. 8,Lingering Pokémon,Cursed Body,2019-11-15,"Dragon, Ghost","Clear Body, Infiltrator"
1020,886,Drakloak,Gen. 8,Caretaker Pokémon,Cursed Body,2019-11-15,"Dragon, Ghost","Clear Body, Infiltrator"
1021,887,Dragapult,Gen. 8,Stealth Pokémon,Cursed Body,2019-11-15,"Dragon, Ghost","Clear Body, Infiltrator"
1022,888,Zacian Crowned Sword,Gen. 8,Warrior Pokémon,,2019-11-15,"Fairy, Steel","Intrepid Sword, "
1023,888,Zacian Hero of Many Battles,Gen. 8,Warrior Pokémon,,2019-11-15,"Fairy, ","Intrepid Sword, "
1024,889,Zamazenta Crowned Shield,Gen. 8,Warrior Pokémon,,2019-11-15,"Fighting, Steel","Dauntless Shield, "
1025,889,Zamazenta Hero of Many Battles,Gen. 8,Warrior Pokémon,,2019-11-15,"Fighting, ","Dauntless Shield, "
1026,890,Eternatus,Gen. 8,Gigantic Pokémon,,2019-11-15,"Poison, Dragon","Pressure, "
1027,890,Eternatus Eternamax,Gen. 8,Gigantic Pokémon,,2019-11-15,"Poison, Dragon",", "